timestamp,country,years_betting,frequency,motivation,tip_source,source_reliability,frustrations,algo_opinion,guarantee_opinion,community_preference,expected_profit,time_commitment,barriers,price_perception,willingness_to_pay,long_term_use,comments,expected_profit_value,expected_profit_type,frequency_score,activity_level,experience_level,wtp_segment
2025-09-15 15:51:10,Magyarország,2.0,Hetente többször,Pénzkereseti lehetőség,Profi tippszterektől / előfizetésből,2,"Rossz tippek, veszteséges sorozatok","Kíváncsi vagyok rá, de nem tudom bíznék-e benne","Jó ötlet, de nem biztos hogy elég",Közösségben sokkal motiválóbb,50 egység,Pár perc,"Nem bízom a szolgáltatásban, Túl drága lenne",Ennél sokkal kevesebbet fizetnék (max. 2–4 ezer Ft),50000.0,4,,50.0,units,3,Aktív,Kezdő (0-3 év),
2025-09-16 10:18:57,Magyarország,40.0,Naponta,"Pénzkereseti lehetőség, Izgalom a meccsnézés közben",Saját elemzésem alapján,3,"Rossz tippek, veszteséges sorozatok, Önfegyelem hiánya (pl. túl sok fogadás)","Kíváncsi vagyok rá, de nem tudom bíznék-e benne","Nagyon vonzó, szívesen kipróbálnám így","Jó ha van közösség, de nem elsődleges",300 % (A tét 3-szorosa minimum),Napi 1 óránál több,Nem bízom a szolgáltatásban,Reális lenne egy kisebb ár (5–8 ezer Ft körül),80000.0,4,,3003.0,percentage,4,Aktív,Veterán (10+ év),
2025-09-16 22:30:46,Ismeretlen,,Havonta néhányszor,"Szórakozás, Pénzkereseti lehetőség, Izgalom a meccsnézés közben, Baráti/közösségi élmény","Közösségi médiából, csoportokból (pl. Facebook, Instagram, Telegram)",3,"Rossz tippek, veszteséges sorozatok, Átverő tippszolgáltatások","Kíváncsi vagyok rá, de nem tudom bíznék-e benne","Nagyon vonzó, szívesen kipróbálnám így",Közösségben sokkal motiválóbb,Kb 3500 ft,Pár perc,"Nem bízom a szolgáltatásban, Túl drága lenne, Nem költenek ezért pénzt ha nem muszáj ",Ennél sokkal kevesebbet fizetnék (max. 2–4 ezer Ft),15000.0,4,Nincs,3500.0,huf,2,Rendszeres,,Prémium (10k+)
2025-09-17 15:26:14,Ismeretlen,,Havonta néhányszor,"Szórakozás, Pénzkereseti lehetőség, Izgalom a meccsnézés közben, Baráti/közösségi élmény","Közösségi médiából, csoportokból (pl. Facebook, Instagram, Telegram)",3,"Rossz tippek, veszteséges sorozatok, Átverő tippszolgáltatások","Kíváncsi vagyok rá, de nem tudom bíznék-e benne","Nagyon vonzó, szívesen kipróbálnám így",Közösségben sokkal motiválóbb,2500,Pár perc,"Nem bízom a szolgáltatásban, Túl drága lenne",Ennél sokkal kevesebbet fizetnék (max. 2–4 ezer Ft),10000.0,4,Nincs ,2500.0,huf,2,Rendszeres,,Magas (6-10k)
2025-09-17 15:29:06,Ismeretlen,,Hetente többször,"Szórakozás, Pénzkereseti lehetőség, Izgalom a meccsnézés közben, Baráti/közösségi élmény","Közösségi médiából, csoportokból (pl. Facebook, Instagram, Telegram)",3,"Rossz tippek, veszteséges sorozatok, Átverő tippszolgáltatások","Kíváncsi vagyok rá, de nem tudom bíznék-e benne","Nagyon vonzó, szívesen kipróbálnám így",Közösségben sokkal motiválóbb,2500,Pár perc,"Nem bízom a szolgáltatásban, Túl drága lenne",Ennél sokkal kevesebbet fizetnék (max. 2–4 ezer Ft),10000.0,4,,2500.0,huf,3,Aktív,,Magas (6-10k)
2025-09-17 16:02:42,Magyarország,9.0,Havonta néhányszor,"Szórakozás, Izgalom a meccsnézés közben",Barátoktól / ismerősöktől,5,"Rossz tippek, veszteséges sorozatok","Kíváncsi vagyok rá, de nem tudom bíznék-e benne","Jó ötlet, de nem biztos hogy elég",Inkább egyedül szeretek,Sokat,Napi kb. 15-30 perc,Túl drága lenne,Ennél sokkal kevesebbet fizetnék (max. 2–4 ezer Ft),100990.0,3,Nincs ,,qualitative,2,Rendszeres,Tapasztalt (4-10 év),
2025-09-17 16:19:28,Magyarország,4.0,Naponta,"Szórakozás, Izgalom a meccsnézés közben","Közösségi médiából, csoportokból (pl. Facebook, Instagram, Telegram)",3,Nincs időm elemezni,"Kíváncsi vagyok rá, de nem tudom bíznék-e benne","Jó ötlet, de nem biztos hogy elég","Jó ha van közösség, de nem elsődleges",15%,Napi kb. 15-30 perc,"Nincs időm követni, Inkább magam döntök a fogadásokról",Ennél sokkal kevesebbet fizetnék (max. 2–4 ezer Ft),15000.0,5,,15.0,percentage,4,Aktív,Tapasztalt (4-10 év),Prémium (10k+)
2025-09-18 10:20:16,Magyarország,25.0,Naponta,Szórakozás,Saját elemzésem alapján,5,Átverő tippszolgáltatások,"Kíváncsi vagyok rá, de nem tudom bíznék-e benne","Jó ötlet, de nem biztos hogy elég","Jó ha van közösség, de nem elsődleges",25 egység minimum,Napi kb. 15-30 perc,Inkább magam döntök a fogadásokról,Nem fizetnék érte semennyit,50000.0,3,Az algoritmus egy dolog de nagyon sok minden közre játszik egy kimenetelnél forma sérülés téves bírói ítélet stb.,25.0,units,4,Aktív,Veterán (10+ év),
2025-09-19 04:38:36,Magyarország,35.0,Naponta,Pénzkereseti lehetőség,"Közösségi médiából, csoportokból (pl. Facebook, Instagram, Telegram)",4,"Rossz tippek, veszteséges sorozatok","Kíváncsi vagyok rá, de nem tudom bíznék-e benne","Nagyon vonzó, szívesen kipróbálnám így",Közösségben sokkal motiválóbb,70 százalék,Napi 1 óránál több,Nem bízom a szolgáltatásban,Elfogadható a 15 ezer Ft feletti ár is,200000.0,5,Együtt Nyerjünk !!!,70.0,percentage,4,Aktív,Veterán (10+ év),
2025-09-19 13:29:44,Magyar ,6.0,Hetente többször,Pénzkereseti lehetőség,Saját elemzésem alapján,2,"Rossz tippek, veszteséges sorozatok, Átverő tippszolgáltatások, Önfegyelem hiánya (pl. túl sok fogadás)","Kíváncsi vagyok rá, de nem tudom bíznék-e benne","Jó ötlet, de nem biztos hogy elég",Közösségben sokkal motiválóbb,50,Napi kb. 15-30 perc,Nem bízom a szolgáltatásban,Reális lenne egy kisebb ár (5–8 ezer Ft körül),100.0,3,Ha jól működik természetesen megéri ,50.0,huf,3,Aktív,Tapasztalt (4-10 év),Alacsony (0-3k)
2025-09-21 17:31:48,Ismeretlen,,Hetente többször,"Szórakozás, Pénzkereseti lehetőség, Izgalom a meccsnézés közben, Baráti/közösségi élmény","Közösségi médiából, csoportokból (pl. Facebook, Instagram, Telegram)",3,Átverő tippszolgáltatások,"Kíváncsi vagyok rá, de nem tudom bíznék-e benne","Nagyon vonzó, szívesen kipróbálnám így",Közösségben sokkal motiválóbb,2500,Pár perc,Nem bízom a szolgáltatásban,Ennél sokkal kevesebbet fizetnék (max. 2–4 ezer Ft),0.0,4,,2500.0,huf,3,Aktív,,
2025-09-22 21:02:24,Magyarország,25.0,Hetente többször,"Szórakozás, Pénzkereseti lehetőség, Izgalom a meccsnézés közben","Közösségi médiából, csoportokból (pl. Facebook, Instagram, Telegram)",2,"Rossz tippek, veszteséges sorozatok, Önfegyelem hiánya (pl. túl sok fogadás)","Kíváncsi vagyok rá, de nem tudom bíznék-e benne","Nagyon vonzó, szívesen kipróbálnám így","Jó ha van közösség, de nem elsődleges",50 egység ,Napi kb. 15-30 perc,"Nem bízom a szolgáltatásban, Túl drága lenne",Reális lenne egy kisebb ár (5–8 ezer Ft körül),80000.0,4,,50.0,units,3,Aktív,Veterán (10+ év),
2025-09-22 21:13:39,Magyarország,2.0,Ritkán / csak nagyobb eseményekre,Pénzkereseti lehetőség,Nem szerzek tippeket,3,"Rossz tippek, veszteséges sorozatok",Jobban bízom emberi elemzésben,"Nagyon vonzó, szívesen kipróbálnám így",Közösségben sokkal motiválóbb,90%,Pár perc,"Túl drága lenne, Nincs időm követni",Nem fizetnék érte semennyit,0.0,3,,90.0,percentage,1,Alkalmi,Kezdő (0-3 év),
2025-09-23 12:33:18,Magyarország,25.0,Hetente többször,Szórakozás,Profi tippszterektől / előfizetésből,3,"Rossz tippek, veszteséges sorozatok, Átverő tippszolgáltatások","Kíváncsi vagyok rá, de nem tudom bíznék-e benne","Nagyon vonzó, szívesen kipróbálnám így","Jó ha van közösség, de nem elsődleges",300 százalék,Napi kb. 15-30 perc,Nem ismerem.,9-14 ezer Ft számomra megfelelő intervallum,100000.0,4,Szimpatikus az ha kipróbálhatom egy hónapig.,300.0,percentage,3,Aktív,Veterán (10+ év),
2025-09-27 20:48:34,Magyarország,13.0,Naponta,"Szórakozás, Pénzkereseti lehetőség, Baráti/közösségi élmény",Profi tippszterektől / előfizetésből,4,"Rossz tippek, veszteséges sorozatok, Önfegyelem hiánya (pl. túl sok fogadás)",Jobban bízom emberi elemzésben,"Nagyon vonzó, szívesen kipróbálnám így",Közösségben sokkal motiválóbb,200,Napi kb. 15-30 perc,"Nem bízom a szolgáltatásban, Túl drága lenne",9-14 ezer Ft számomra megfelelő intervallum,60000.0,4,Nem,200.0,huf,4,Aktív,Veterán (10+ év),
