match_id,home_team,away_team,stage,rating,votes,total_goals,goal_difference,lead_changes,comeback_win_draw,late_goals,time_of_last_goal,extra_time,penalty_shootout,total_shots,total_shots_on_target,total_xg,xg_difference,big_chances_total,big_chances_missed,possession_imbalance,fouls_total,corner_kicks,red_cards,yellow_cards,penalties_awarded,stage_stakes,predicted_rating,error
10230635,Argentina,France,Final,9.7,100,6,0,0,1,4,118,1,1,30.0,15.0,5.5,0.96,8.0,3.0,4.0,45.0,11.0,0,8,3,5.0,9.563770953824633,0.1362290461753659
10230639,Netherlands,Argentina,Quarterfinals,8.9,100,4,0,0,1,2,90,1,1,20.0,7.0,2.47,1.37,2.0,0.0,2.0,48.0,10.0,1,16,1,3.0,9.04314794330502,-0.1431479433050189
10230541,Qatar,Ecuador,Group stage,5.8,128,2,2,0,0,0,31,0,0,11.0,3.0,1.5,0.8599999999999999,2.0,1.0,3.0,30.0,4.0,0,6,1,1.0,6.196767656531971,-0.39676765653197155
10230543,England,Iran,Group stage,7.2,109,8,4,0,0,2,90,0,0,21.0,10.0,3.86,0.3599999999999999,5.0,1.0,28.0,23.0,8.0,0,2,1,1.0,7.40834399762437,-0.20834399762436995
10230533,Senegal,Netherlands,Group stage,6.6,109,2,2,0,0,2,90,0,0,25.0,7.0,1.56,0.2199999999999999,2.0,0.0,3.0,26.0,13.0,0,3,0,1.0,5.877580719831962,0.7224192801680376
10230548,USA,Wales,Group stage,6.3,103,2,0,0,1,1,82,0,0,13.0,4.0,2.34,0.76,5.0,3.0,9.0,25.0,8.0,0,6,1,1.0,6.816016409760236,-0.516016409760236
10230528,Argentina,Saudi Arabia,Group stage,8.7,479,3,1,1,1,0,53,0,0,18.0,8.0,2.41,2.11,2.0,1.0,19.0,28.0,11.0,0,6,1,1.0,7.744198044653692,0.9558019553463071
10230576,Denmark,Tunisia,Group stage,5.2,83,0,0,0,0,0,0,0,0,24.0,6.0,2.52,0.68,2.0,2.0,11.0,19.0,20.0,0,3,0,1.0,5.538144481618067,-0.338144481618067
10230565,Mexico,Poland,Group stage,5.2,99,0,0,0,0,0,0,0,0,17.0,6.0,1.66,0.2199999999999999,2.0,2.0,11.0,29.0,11.0,0,3,1,1.0,5.9470793934331745,-0.7470793934331743
10230563,France,Australia,Group stage,6.9,121,5,3,1,1,0,71,0,0,27.0,8.0,4.73,3.69,9.0,4.0,12.0,16.0,9.0,0,3,0,1.0,7.090782371083016,-0.19078237108301543
10230570,Morocco,Croatia,Group stage,6.4,99,0,0,0,0,0,0,0,0,13.0,4.0,0.89,0.15,1.0,1.0,15.0,27.0,5.0,0,1,0,1.0,6.088784429721473,0.3112155702785273
10230562,Germany,Japan,Group stage,7.8,131,3,1,1,1,1,83,0,0,38.0,13.0,4.55,1.63,8.0,5.0,24.0,20.0,12.0,0,0,1,1.0,7.287039408816112,0.5129605911838881
10230571,Spain,Costa Rica,Group stage,7.4,92,7,7,0,0,2,90,0,0,17.0,8.0,3.53,3.53,5.0,1.0,32.0,20.0,5.0,0,2,1,1.0,6.986563909270122,0.41343609072987864
10230559,Belgium,Canada,Group stage,6.4,83,1,1,0,0,0,44,0,0,31.0,6.0,3.4,1.86,4.0,3.0,4.0,25.0,8.0,0,5,1,1.0,6.0809551537459425,0.3190448462540578
10230569,Switzerland,Cameroon,Group stage,5.3,69,1,1,0,0,0,48,0,0,15.0,8.0,2.18,0.7,4.0,3.0,1.0,22.0,16.0,0,3,0,1.0,6.162850157245435,-0.8628501572454352
10230530,Uruguay,South Korea,Group stage,5.3,79,0,0,0,0,0,0,0,0,17.0,1.0,1.23,0.05,2.0,2.0,6.0,17.0,7.0,0,3,0,1.0,5.451779297049485,-0.1517792970494849
10230534,Portugal,Ghana,Group stage,7.1,96,5,1,0,0,2,89,0,0,20.0,8.0,2.93,1.0699999999999998,7.0,2.0,12.0,33.0,6.0,0,6,1,1.0,7.154034782134596,-0.05403478213459678
10230567,Brazil,Serbia,Group stage,7.3,100,2,2,0,0,0,73,0,0,28.0,9.0,2.6100000000000003,2.25,2.0,1.0,9.0,19.0,10.0,0,3,0,1.0,6.705456760506602,0.5945432394933974
10230556,Wales,Iran,Group stage,7.0,77,2,2,0,0,2,90,0,0,31.0,9.0,2.36,0.58,3.0,2.0,12.0,19.0,9.0,1,3,0,1.0,7.063273969428691,-0.06327396942869079
10230537,Qatar,Senegal,Group stage,6.0,73,4,2,0,0,1,84,0,0,23.0,8.0,1.71,0.2099999999999999,3.0,1.0,5.0,19.0,12.0,0,6,0,1.0,6.07179314474135,-0.07179314474135001
10230529,Netherlands,Ecuador,Group stage,6.8,90,2,0,0,1,0,49,0,0,17.0,5.0,1.78,1.5799999999999998,1.0,0.0,4.0,27.0,7.0,0,1,0,1.0,6.624438447186361,0.1755615528136385
10230557,England,USA,Group stage,5.4,102,0,0,0,0,0,0,0,0,18.0,4.0,1.4,0.14,2.0,2.0,6.0,24.0,10.0,0,0,0,1.0,5.527038759204659,-0.1270387592046589
10230574,Tunisia,Australia,Group stage,4.5,71,1,1,0,0,0,23,0,0,23.0,6.0,1.5499999999999998,0.3299999999999999,2.0,2.0,8.0,31.0,7.0,0,3,0,1.0,5.31583061692201,-0.8158306169220104
10230542,Poland,Saudi Arabia,Group stage,5.7,78,2,2,0,0,1,82,0,0,25.0,8.0,3.29,0.1699999999999999,8.0,6.0,14.0,33.0,9.0,0,5,1,1.0,5.762791863510218,-0.06279186351021782
10230577,France,Denmark,Group stage,6.7,111,3,1,0,0,1,86,0,0,31.0,9.0,3.06,1.7799999999999998,5.0,3.0,1.0,13.0,10.0,0,3,0,1.0,6.430452773615809,0.2695472263841916
10230540,Argentina,Mexico,Group stage,6.8,176,2,2,0,0,1,87,0,0,9.0,3.0,0.5900000000000001,0.0499999999999999,0.0,0.0,9.0,34.0,6.0,0,5,0,1.0,6.67184557592089,0.12815442407910993
10230564,Japan,Costa Rica,Group stage,6.3,75,1,1,0,0,1,81,0,0,17.0,4.0,0.99,0.77,0.0,0.0,7.0,31.0,5.0,0,6,0,1.0,6.63517039782383,-0.3351703978238305
10230545,Belgium,Morocco,Group stage,7.6,95,2,2,0,0,1,90,0,0,20.0,7.0,2.44,0.52,3.0,2.0,17.0,24.0,10.0,0,2,0,1.0,6.861799618348276,0.7382003816517235
10230550,Croatia,Canada,Group stage,6.3,70,5,3,1,1,1,90,0,0,21.0,12.0,3.0700000000000003,2.17,7.0,4.0,2.0,18.0,7.0,0,4,0,1.0,6.633596222604643,-0.33359622260464317
10230575,Spain,Germany,Group stage,6.9,93,2,0,0,1,1,83,0,0,18.0,7.0,1.79,0.65,3.0,1.0,14.0,24.0,11.0,0,4,0,1.0,6.674568407159915,0.22543159284008496
10230568,Cameroon,Serbia,Group stage,8.3,88,6,0,1,1,0,66,0,0,28.0,13.0,4.17,0.4100000000000001,7.0,2.0,9.0,21.0,7.0,0,4,0,1.0,7.84240486461796,0.4575951353820411
10230552,South Korea,Ghana,Group stage,7.8,76,5,1,0,0,0,68,0,0,29.0,10.0,3.48,0.1200000000000001,5.0,1.0,13.0,22.0,17.0,1,4,0,1.0,8.010652245727155,-0.21065224572715469
10230561,Brazil,Switzerland,Group stage,6.8,83,1,1,0,0,1,83,0,0,19.0,5.0,1.32,0.72,2.0,2.0,4.0,27.0,11.0,0,2,0,1.0,6.29727887208886,0.5027211279111397
10230539,Portugal,Uruguay,Group stage,6.3,81,2,2,0,0,1,90,0,0,26.0,6.0,2.6,0.06,3.0,2.0,10.0,26.0,8.0,0,5,1,1.0,6.49423375767715,-0.19423375767715
10230532,Wales,England,Group stage,5.8,69,3,3,0,0,0,68,0,0,25.0,8.0,2.81,2.11,4.0,3.0,15.0,25.0,7.0,0,2,0,1.0,6.205430517234575,-0.4054305172345751
10230536,Iran,USA,Group stage,6.6,74,1,1,0,0,0,38,0,0,16.0,6.0,1.6,0.76,3.0,2.0,1.0,24.0,6.0,0,4,0,1.0,6.006542664190125,0.5934573358098749
10230551,Ecuador,Senegal,Group stage,7.6,91,3,1,0,0,0,70,0,0,23.0,7.0,3.0700000000000003,1.21,4.0,1.0,11.0,34.0,9.0,0,1,1,1.0,7.535258544423372,0.0647414555766277
10230538,Netherlands,Qatar,Group stage,5.5,59,2,2,0,0,0,49,0,0,18.0,7.0,1.75,1.4700000000000002,2.0,1.0,13.0,28.0,6.0,0,1,0,1.0,6.524338020833863,-1.0243380208338628
10230560,Australia,Denmark,Group stage,6.1,63,1,1,0,0,0,60,0,0,21.0,7.0,1.24,0.06,0.0,0.0,19.0,21.0,8.0,0,3,0,1.0,6.852043263384388,-0.7520432633843885
10230555,Tunisia,France,Group stage,7.2,71,1,1,0,0,0,58,0,0,15.0,6.0,1.31,0.31,0.0,0.0,16.0,20.0,15.0,0,1,0,1.0,7.106822266344068,0.0931777336559323
10230547,Poland,Argentina,Group stage,7.0,101,2,2,0,0,0,67,0,0,27.0,12.0,4.01,3.37,6.0,6.0,23.0,17.0,10.0,0,2,1,1.0,7.030982873527662,-0.030982873527661603
10230546,Saudi Arabia,Mexico,Group stage,5.9,75,3,1,0,0,1,90,0,0,36.0,13.0,3.41,1.1899999999999995,5.0,3.0,11.0,38.0,9.0,0,7,0,1.0,6.037531900536008,-0.1375319005360076
10230535,Croatia,Belgium,Group stage,6.0,74,0,0,0,0,0,0,0,0,27.0,7.0,3.77,2.37,5.0,5.0,1.0,16.0,6.0,0,1,0,1.0,5.632786480205053,0.3672135197949471
10230531,Canada,Morocco,Group stage,7.2,66,3,1,0,0,0,40,0,0,11.0,2.0,1.88,0.8200000000000001,2.0,1.0,9.0,28.0,8.0,0,4,0,1.0,6.707687027301547,0.4923129726984534
10230554,Japan,Spain,Group stage,7.3,121,3,1,1,1,0,51,0,0,18.0,8.0,2.49,0.4099999999999999,3.0,1.0,32.0,15.0,2.0,0,3,0,1.0,8.03863069891855,-0.7386306989185494
10230573,Costa Rica,Germany,Group stage,7.4,78,6,2,2,1,2,89,0,0,40.0,17.0,7.17,4.949999999999999,13.0,8.0,18.0,12.0,15.0,0,1,0,1.0,8.070419729602646,-0.6704197296026457
10230549,Ghana,Uruguay,Group stage,6.5,74,2,2,0,0,0,32,0,0,22.0,11.0,3.42,0.1999999999999999,4.0,3.0,1.0,29.0,7.0,0,7,1,1.0,5.844113504722479,0.655886495277521
10230544,South Korea,Portugal,Group stage,8.0,84,3,1,1,1,1,90,0,0,26.0,12.0,3.0,0.4199999999999999,4.0,1.0,11.0,19.0,9.0,0,2,0,1.0,7.66813484264288,0.33186515735711986
10230558,Serbia,Switzerland,Group stage,7.3,74,5,1,2,1,0,48,0,0,26.0,11.0,4.11,1.47,7.0,5.0,4.0,32.0,2.0,0,11,0,1.0,7.127187043728926,0.1728129562710734
10230553,Cameroon,Brazil,Group stage,7.2,86,1,1,0,0,1,90,0,0,28.0,10.0,2.95,2.01,6.0,5.0,15.0,28.0,14.0,1,6,0,1.0,7.236012112067181,-0.0360121120671808
10230638,Netherlands,USA,Round of 16,6.8,90,4,2,0,0,1,81,0,0,28.0,14.0,3.16,0.1799999999999999,6.0,5.0,8.0,15.0,9.0,0,2,0,2.0,6.211658841183321,0.5883411588166787
10230641,Argentina,Australia,Round of 16,7.1,130,3,1,0,0,0,77,0,0,19.0,6.0,2.28,1.1,5.0,4.0,11.0,23.0,4.0,0,2,0,2.0,7.086455667364545,0.013544332635454737
10230579,France,Poland,Round of 16,6.2,131,4,2,0,0,2,90,0,0,28.0,11.0,3.12,0.3799999999999999,3.0,1.0,5.0,18.0,8.0,0,3,1,2.0,7.1277129749131065,-0.9277129749131063
10230632,England,Senegal,Round of 16,5.9,91,3,3,0,0,0,57,0,0,18.0,5.0,1.82,0.2199999999999999,4.0,1.0,11.0,28.0,6.0,0,1,0,2.0,6.322747151143743,-0.42274715114374306
10230582,Japan,Croatia,Round of 16,6.5,89,2,0,0,1,0,55,1,1,30.0,8.0,2.66,0.24,5.0,4.0,8.0,29.0,13.0,0,2,0,2.0,6.602356981288073,-0.10235698128807336
10230633,Brazil,South Korea,Round of 16,6.8,93,5,3,0,0,0,76,0,0,26.0,15.0,4.08,3.12,8.0,6.0,3.0,21.0,9.0,0,1,1,2.0,6.826446706142281,-0.026446706142281506
10230636,Morocco,Spain,Round of 16,7.3,138,0,0,0,0,0,0,1,1,19.0,3.0,1.73,0.29,4.0,4.0,27.0,29.0,8.0,0,2,0,2.0,6.917416490774935,0.3825835092250651
10230631,Portugal,Switzerland,Round of 16,6.3,100,7,5,0,0,1,90,0,0,25.0,12.0,3.43,1.2899999999999998,7.0,2.0,2.0,22.0,12.0,0,2,0,2.0,6.046220722369076,0.2537792776309242
10230640,Croatia,Brazil,Quarterfinals,7.5,167,2,0,0,1,2,117,1,1,30.0,12.0,3.18,1.92,4.0,3.0,1.0,46.0,10.0,0,5,0,3.0,7.773307630807352,-0.2733076308073521
10230581,Morocco,Portugal,Quarterfinals,8.1,283,1,1,0,0,0,42,0,0,21.0,6.0,2.32,0.4799999999999998,5.0,4.0,23.0,24.0,12.0,1,3,0,3.0,7.646913729471966,0.45308627052803363
10230634,England,France,Quarterfinals,8.2,449,3,1,0,0,0,78,0,0,24.0,13.0,3.42,1.4,5.0,3.0,7.0,24.0,7.0,0,4,2,3.0,8.319613292915554,-0.11961329291555423
10230580,Argentina,Croatia,Semifinals,7.6,233,3,3,0,0,0,69,0,0,21.0,9.0,2.86,1.82,6.0,3.0,11.0,23.0,6.0,0,4,1,4.0,7.383773628503493,0.21622637149650625
10230578,France,Morocco,Semifinals,7.1,128,2,2,0,0,0,79,0,0,27.0,6.0,3.1,1.1,4.0,3.0,11.0,22.0,5.0,0,1,0,4.0,7.36220485700405,-0.2622048570040505
10230570,Morocco,Croatia,Group stage,6.7,115,0,0,0,0,0,0,0,0,13.0,4.0,0.89,0.15,1.0,1.0,15.0,27.0,5.0,0,1,0,1.0,6.088784429721473,0.6112155702785271
