Date,Day,Comp,Round,Venue,Result,Squad,Opponent,Start,Pos,Min,Performance_SoTA,Performance_GA,Performance_Saves,Performance_Save%,Performance_CS,Performance_PSxG,Penalty Kicks_PKatt,Penalty Kicks_PKA,Penalty Kicks_PKsv,Penalty Kicks_PKm,Launched_Cmp,Launched_Att,Launched_Cmp%,Passes_Att (GK),Passes_Thr,Passes_Launch%,Passes_AvgLen,Goal Kicks_Att,Goal Kicks_Launch%,Goal Kicks_AvgLen,Crosses_Opp,Crosses_Stp,Crosses_Stp%,Sweeper_#OPA,Sweeper_AvgDist,Match Report,player_id
2023-08-12,Sat,Premier League,Matchweek 1,Away,W 1–0,Crystal Palace,Sheffield Utd,Y,GK,90,1,0,1,100.0,1,0.0,0,0,0,0,6,12,50.0,22,5,45.5,39.5,6,33.3,40.8,11,1,9.1,0,6.0,Match Report,9e5708be
2023-08-21,Mon,Premier League,Matchweek 2,Home,L 0–1,Crystal Palace,Arsenal,Y,GK,90,3,1,2,100.0,0,1.1,1,1,0,0,4,11,36.4,21,5,38.1,33.4,6,50.0,43.7,17,3,17.6,2,12.8,Match Report,9e5708be
2023-08-26,Sat,Premier League,Matchweek 3,Away,D 1–1,Crystal Palace,Brentford,Y,GK,90,1,1,0,0.0,0,0.6,0,0,0,0,4,16,25.0,17,2,64.7,40.1,6,83.3,58.0,19,1,5.3,1,13.0,Match Report,9e5708be
2023-08-29,Tue,EFL Cup,Second round,Away,W 4–2,Crystal Palace,Plymouth Argyle,Y,GK,90,3,2,1,33.3,0,,0,0,0,0,,,,,,,,,,,,,,,,Match Report,9e5708be
2023-09-03,Sun,Premier League,Matchweek 4,Home,W 3–2,Crystal Palace,Wolves,Y,GK,90,4,2,2,50.0,0,0.7,0,0,0,0,5,16,31.3,23,4,39.1,32.6,13,53.8,37.5,21,1,4.8,1,15.0,Match Report,9e5708be
2023-09-09,Sat,UEFA Euro Qualifying,Group stage,Away,D 1–1,eng England,ua Ukraine,N,"On matchday squad, but did not play","On matchday squad, but did not play","On matchday squad, but did not play","On matchday squad, but did not play","On matchday squad, but did not play","On matchday squad, but did not play","On matchday squad, but did not play","On matchday squad, but did not play","On matchday squad, but did not play","On matchday squad, but did not play","On matchday squad, but did not play","On matchday squad, but did not play","On matchday squad, but did not play","On matchday squad, but did not play","On matchday squad, but did not play","On matchday squad, but did not play","On matchday squad, but did not play","On matchday squad, but did not play","On matchday squad, but did not play","On matchday squad, but did not play","On matchday squad, but did not play","On matchday squad, but did not play","On matchday squad, but did not play","On matchday squad, but did not play","On matchday squad, but did not play","On matchday squad, but did not play","On matchday squad, but did not play",Match Report,9e5708be
2023-09-12,Tue,Friendlies (M),Friendlies (M),Away,W 3–1,eng England,sct Scotland,N,"On matchday squad, but did not play","On matchday squad, but did not play","On matchday squad, but did not play","On matchday squad, but did not play","On matchday squad, but did not play","On matchday squad, but did not play","On matchday squad, but did not play","On matchday squad, but did not play","On matchday squad, but did not play","On matchday squad, but did not play","On matchday squad, but did not play","On matchday squad, but did not play","On matchday squad, but did not play","On matchday squad, but did not play","On matchday squad, but did not play","On matchday squad, but did not play","On matchday squad, but did not play","On matchday squad, but did not play","On matchday squad, but did not play","On matchday squad, but did not play","On matchday squad, but did not play","On matchday squad, but did not play","On matchday squad, but did not play","On matchday squad, but did not play","On matchday squad, but did not play","On matchday squad, but did not play","On matchday squad, but did not play",Match Report,9e5708be
2023-09-16,Sat,Premier League,Matchweek 5,Away,L 1–3,Crystal Palace,Aston Villa,Y,GK,90,5,3,2,60.0,0,2.5,1,1,0,0,6,15,40.0,20,3,65.0,47.0,2,100.0,68.0,19,2,10.5,2,13.8,Match Report,9e5708be
2023-09-23,Sat,Premier League,Matchweek 6,Home,D 0–0,Crystal Palace,Fulham,Y,GK,90,5,0,5,100.0,1,0.5,0,0,0,0,4,14,28.6,26,6,30.8,33.4,6,100.0,62.2,14,0,0.0,0,8.0,Match Report,9e5708be
2023-09-26,Tue,EFL Cup,Third round,Away,L 0–3,Crystal Palace,Manchester Utd,N,,72,7,3,4,57.1,0,,0,0,0,0,,,,,,,,,,,,,,,,Match Report,9e5708be
2023-09-30,Sat,Premier League,Matchweek 7,Away,W 1–0,Crystal Palace,Manchester Utd,Y,GK,90,3,0,3,100.0,1,0.3,0,0,0,0,6,20,30.0,13,0,76.9,49.4,11,90.9,60.5,24,2,8.3,0,7.0,Match Report,9e5708be
2023-10-07,Sat,Premier League,Matchweek 8,Home,D 0–0,Crystal Palace,Nott'ham Forest,Y,GK,90,5,0,5,100.0,1,0.8,0,0,0,0,4,9,44.4,39,8,23.1,27.6,5,0.0,17.2,15,2,13.3,0,7.2,Match Report,9e5708be
2023-10-13,Fri,Friendlies (M),Friendlies (M),Home,W 1–0,eng England,au Australia,Y,GK,90,,0,,,1,,0,0,0,0,,,,,,,,,,,,,,,,Match Report,9e5708be
2023-10-17,Tue,UEFA Euro Qualifying,Group stage,Home,W 3–1,eng England,it Italy,N,"On matchday squad, but did not play","On matchday squad, but did not play","On matchday squad, but did not play","On matchday squad, but did not play","On matchday squad, but did not play","On matchday squad, but did not play","On matchday squad, but did not play","On matchday squad, but did not play","On matchday squad, but did not play","On matchday squad, but did not play","On matchday squad, but did not play","On matchday squad, but did not play","On matchday squad, but did not play","On matchday squad, but did not play","On matchday squad, but did not play","On matchday squad, but did not play","On matchday squad, but did not play","On matchday squad, but did not play","On matchday squad, but did not play","On matchday squad, but did not play","On matchday squad, but did not play","On matchday squad, but did not play","On matchday squad, but did not play","On matchday squad, but did not play","On matchday squad, but did not play","On matchday squad, but did not play","On matchday squad, but did not play",Match Report,9e5708be
2023-10-21,Sat,Premier League,Matchweek 9,Away,L 0–4,Crystal Palace,Newcastle Utd,Y,GK,90,7,4,3,42.9,0,3.0,0,0,0,0,2,10,20.0,12,2,41.7,37.5,5,100.0,58.6,14,1,7.1,0,7.0,Match Report,9e5708be
2023-10-27,Fri,Premier League,Matchweek 10,Home,L 1–2,Crystal Palace,Tottenham,Y,GK,90,1,2,0,-100.0,0,0.8,0,0,0,0,9,22,40.9,20,2,85.0,51.2,5,100.0,69.8,10,2,20.0,0,4.5,Match Report,9e5708be
2023-11-04,Sat,Premier League,Matchweek 11,Away,W 2–0,Crystal Palace,Burnley,Y,GK,90,5,0,5,100.0,1,0.5,0,0,0,0,15,29,51.7,22,1,77.3,48.7,13,92.3,59.5,22,0,0.0,0,,Match Report,9e5708be
2023-11-11,Sat,Premier League,Matchweek 12,Home,L 2–3,Crystal Palace,Everton,Y,GK,90,4,3,1,25.0,0,1.7,0,0,0,0,1,5,20.0,23,2,21.7,29.8,5,0.0,13.6,15,0,0.0,0,10.5,Match Report,9e5708be
2023-11-17,Fri,UEFA Euro Qualifying,Group stage,Home,W 2–0,eng England,mt Malta,N,"On matchday squad, but did not play","On matchday squad, but did not play","On matchday squad, but did not play","On matchday squad, but did not play","On matchday squad, but did not play","On matchday squad, but did not play","On matchday squad, but did not play","On matchday squad, but did not play","On matchday squad, but did not play","On matchday squad, but did not play","On matchday squad, but did not play","On matchday squad, but did not play","On matchday squad, but did not play","On matchday squad, but did not play","On matchday squad, but did not play","On matchday squad, but did not play","On matchday squad, but did not play","On matchday squad, but did not play","On matchday squad, but did not play","On matchday squad, but did not play","On matchday squad, but did not play","On matchday squad, but did not play","On matchday squad, but did not play","On matchday squad, but did not play","On matchday squad, but did not play","On matchday squad, but did not play","On matchday squad, but did not play",Match Report,9e5708be
2023-11-20,Mon,UEFA Euro Qualifying,Group stage,Away,D 1–1,eng England,mk N. Macedonia,N,"On matchday squad, but did not play","On matchday squad, but did not play","On matchday squad, but did not play","On matchday squad, but did not play","On matchday squad, but did not play","On matchday squad, but did not play","On matchday squad, but did not play","On matchday squad, but did not play","On matchday squad, but did not play","On matchday squad, but did not play","On matchday squad, but did not play","On matchday squad, but did not play","On matchday squad, but did not play","On matchday squad, but did not play","On matchday squad, but did not play","On matchday squad, but did not play","On matchday squad, but did not play","On matchday squad, but did not play","On matchday squad, but did not play","On matchday squad, but did not play","On matchday squad, but did not play","On matchday squad, but did not play","On matchday squad, but did not play","On matchday squad, but did not play","On matchday squad, but did not play","On matchday squad, but did not play","On matchday squad, but did not play",Match Report,9e5708be
2023-11-25,Sat,Premier League,Matchweek 13,Away,L 1–2,Crystal Palace,Luton Town,Y,GK,90,3,2,1,33.3,0,1.5,0,0,0,0,4,14,28.6,19,3,52.6,41.4,4,100.0,64.0,15,1,6.7,0,8.0,Match Report,9e5708be
2023-12-03,Sun,Premier League,Matchweek 14,Away,D 1–1,Crystal Palace,West Ham,Y,GK,90,3,1,2,66.7,0,0.7,0,0,0,0,11,24,45.8,35,6,54.3,39.0,6,83.3,52.8,17,3,17.6,0,3.7,Match Report,9e5708be
2023-12-06,Wed,Premier League,Matchweek 15,Home,L 0–2,Crystal Palace,Bournemouth,Y,GK,90,4,2,2,50.0,0,1.7,0,0,0,0,6,14,42.9,29,5,41.4,37.4,6,33.3,35.3,16,1,6.3,2,17.3,Match Report,9e5708be
2023-12-09,Sat,Premier League,Matchweek 16,Home,L 1–2,Crystal Palace,Liverpool,Y,GK,86,1,1,,0.0,,0.1,,,,,3,22,13.6,14,1,85.7,56.5,10,100.0,65.5,15,1,6.7,1,16.0,Match Report,9e5708be
2024-01-17,Wed,FA Cup,Third round proper,Away,L 0–1,Crystal Palace,Everton,Y,GK,90,5,1,4,80.0,0,,0,0,0,0,,,,,,,,,,,,,,,,Match Report,9e5708be
2024-01-20,Sat,Premier League,Matchweek 21,Away,L 0–5,Crystal Palace,Arsenal,N,"On matchday squad, but did not play","On matchday squad, but did not play","On matchday squad, but did not play","On matchday squad, but did not play","On matchday squad, but did not play","On matchday squad, but did not play","On matchday squad, but did not play","On matchday squad, but did not play","On matchday squad, but did not play","On matchday squad, but did not play","On matchday squad, but did not play","On matchday squad, but did not play","On matchday squad, but did not play","On matchday squad, but did not play","On matchday squad, but did not play","On matchday squad, but did not play","On matchday squad, but did not play","On matchday squad, but did not play","On matchday squad, but did not play","On matchday squad, but did not play","On matchday squad, but did not play","On matchday squad, but did not play","On matchday squad, but did not play","On matchday squad, but did not play","On matchday squad, but did not play","On matchday squad, but did not play","On matchday squad, but did not play",Match Report,9e5708be
2024-01-30,Tue,Premier League,Matchweek 22,Home,W 3–2,Crystal Palace,Sheffield Utd,N,"On matchday squad, but did not play","On matchday squad, but did not play","On matchday squad, but did not play","On matchday squad, but did not play","On matchday squad, but did not play","On matchday squad, but did not play","On matchday squad, but did not play","On matchday squad, but did not play","On matchday squad, but did not play","On matchday squad, but did not play","On matchday squad, but did not play","On matchday squad, but did not play","On matchday squad, but did not play","On matchday squad, but did not play","On matchday squad, but did not play","On matchday squad, but did not play","On matchday squad, but did not play","On matchday squad, but did not play","On matchday squad, but did not play","On matchday squad, but did not play","On matchday squad, but did not play","On matchday squad, but did not play","On matchday squad, but did not play","On matchday squad, but did not play","On matchday squad, but did not play","On matchday squad, but did not play","On matchday squad, but did not play",Match Report,9e5708be
2024-02-03,Sat,Premier League,Matchweek 23,Away,L 1–4,Crystal Palace,Brighton,N,"On matchday squad, but did not play","On matchday squad, but did not play","On matchday squad, but did not play","On matchday squad, but did not play","On matchday squad, but did not play","On matchday squad, but did not play","On matchday squad, but did not play","On matchday squad, but did not play","On matchday squad, but did not play","On matchday squad, but did not play","On matchday squad, but did not play","On matchday squad, but did not play","On matchday squad, but did not play","On matchday squad, but did not play","On matchday squad, but did not play","On matchday squad, but did not play","On matchday squad, but did not play","On matchday squad, but did not play","On matchday squad, but did not play","On matchday squad, but did not play","On matchday squad, but did not play","On matchday squad, but did not play","On matchday squad, but did not play","On matchday squad, but did not play","On matchday squad, but did not play","On matchday squad, but did not play","On matchday squad, but did not play",Match Report,9e5708be
2024-02-12,Mon,Premier League,Matchweek 24,Home,L 1–3,Crystal Palace,Chelsea,N,"On matchday squad, but did not play","On matchday squad, but did not play","On matchday squad, but did not play","On matchday squad, but did not play","On matchday squad, but did not play","On matchday squad, but did not play","On matchday squad, but did not play","On matchday squad, but did not play","On matchday squad, but did not play","On matchday squad, but did not play","On matchday squad, but did not play","On matchday squad, but did not play","On matchday squad, but did not play","On matchday squad, but did not play","On matchday squad, but did not play","On matchday squad, but did not play","On matchday squad, but did not play","On matchday squad, but did not play","On matchday squad, but did not play","On matchday squad, but did not play","On matchday squad, but did not play","On matchday squad, but did not play","On matchday squad, but did not play","On matchday squad, but did not play","On matchday squad, but did not play","On matchday squad, but did not play","On matchday squad, but did not play",Match Report,9e5708be
2024-02-19,Mon,Premier League,Matchweek 25,Away,D 1–1,Crystal Palace,Everton,Y,GK,90,4,1,3,75.0,0,0.5,0,0,0,0,6,32,18.8,24,2,87.5,52.8,11,100.0,68.4,26,2,7.7,0,8.3,Match Report,9e5708be
2024-02-24,Sat,Premier League,Matchweek 26,Home,W 3–0,Crystal Palace,Burnley,Y,GK,90,0,0,0,,1,0.0,0,0,0,0,2,13,15.4,20,1,65.0,47.5,1,0.0,16.0,5,0,0.0,1,13.8,Match Report,9e5708be
2024-03-02,Sat,Premier League,Matchweek 27,Away,L 1–3,Crystal Palace,Tottenham,Y,GK,90,6,3,3,50.0,0,2.6,0,0,0,0,10,26,38.5,18,2,77.8,53.3,12,100.0,67.0,21,0,0.0,0,12.3,Match Report,9e5708be
2024-03-09,Sat,Premier League,Matchweek 28,Home,D 1–1,Crystal Palace,Luton Town,Y,GK,90,2,1,1,50.0,0,0.4,0,0,0,0,9,31,29.0,36,3,72.2,46.8,8,62.5,42.8,23,1,4.3,2,18.7,Match Report,9e5708be
2024-03-23,Sat,Friendlies (M),Friendlies (M),Home,L 0–1,eng England,br Brazil,N,"On matchday squad, but did not play","On matchday squad, but did not play","On matchday squad, but did not play","On matchday squad, but did not play","On matchday squad, but did not play","On matchday squad, but did not play","On matchday squad, but did not play","On matchday squad, but did not play","On matchday squad, but did not play","On matchday squad, but did not play","On matchday squad, but did not play","On matchday squad, but did not play","On matchday squad, but did not play","On matchday squad, but did not play","On matchday squad, but did not play","On matchday squad, but did not play","On matchday squad, but did not play","On matchday squad, but did not play","On matchday squad, but did not play","On matchday squad, but did not play","On matchday squad, but did not play","On matchday squad, but did not play","On matchday squad, but did not play","On matchday squad, but did not play","On matchday squad, but did not play","On matchday squad, but did not play","On matchday squad, but did not play",Match Report,9e5708be
