event_id,time,added_time,type,class,is_home,player_name,player_id,home_score,away_score,description
14561756,90.0,999.0,period,,,,,3.0,1.0,
14561756,80.0,,goal,regular,True,Viktor Sejben,602640.0,3.0,1.0,
14561756,69.0,,goal,regular,False,Jasmin Mesanovic,115286.0,2.0,1.0,
14561756,54.0,,goal,regular,True,Zsolt Tar,94558.0,2.0,0.0,
14561756,48.0,,goal,penalty,True,Levente Doncsecz,1155544.0,1.0,0.0,
14561756,45.0,999.0,period,,,,,0.0,0.0,
14561729,90.0,999.0,period,,,,,1.0,4.0,
14561729,83.0,,goal,regular,True,,,1.0,4.0,
14561729,55.0,,goal,regular,False,Emil Horváth,1147968.0,0.0,4.0,
14561729,47.0,,goal,regular,False,Bence Pataki,1393244.0,0.0,3.0,
14561729,45.0,999.0,period,,,,,0.0,2.0,
14561729,35.0,,goal,regular,False,Emil Horváth,1147968.0,0.0,2.0,
14561729,12.0,,goal,regular,False,Myke,785945.0,0.0,1.0,
14561750,999.0,999.0,period,,,,,2.0,0.0,
14561750,,,penaltyShootout,missed,False,,,2.0,0.0,
14561750,,,penaltyShootout,scored,True,,,2.0,0.0,Scored
14561750,,,penaltyShootout,missed,False,,,1.0,0.0,
14561750,,,penaltyShootout,missed,True,,,1.0,0.0,
14561750,,,penaltyShootout,missed,False,,,1.0,0.0,
14561750,,,penaltyShootout,scored,True,,,1.0,0.0,Scored
14561750,,,penaltyShootout,missed,False,,,0.0,0.0,
14561750,120.0,999.0,period,,,,,2.0,2.0,
14561750,90.0,999.0,period,,,,,2.0,2.0,
14561750,90.0,,goal,regular,False,Oleksandr Kuchynskyi,1982302.0,2.0,2.0,
14561750,83.0,,goal,regular,True,,,2.0,1.0,
14561750,75.0,,goal,regular,False,Richárd Gál,1982041.0,1.0,1.0,
14561750,73.0,,card,red,False,Georgii Kamyshanov,1549185.0,,,
14561750,45.0,999.0,period,,,,,1.0,0.0,
14561750,25.0,,goal,regular,True,,,1.0,0.0,
14561730,90.0,999.0,period,,,,,0.0,1.0,
14561730,90.0,8.0,goal,regular,False,Blessing Eleke,780246.0,0.0,1.0,
14561730,45.0,999.0,period,,,,,0.0,0.0,
14561741,90.0,999.0,period,,,,,0.0,15.0,
14561741,86.0,,goal,regular,False,Benjámin Gólik,1990882.0,0.0,15.0,
14561741,84.0,,goal,regular,False,Yusuf Bamidele,1020116.0,0.0,14.0,
14561741,75.0,,goal,regular,False,Benjámin Gólik,1990882.0,0.0,13.0,
14561741,73.0,,goal,regular,False,Mohammad Abu Fani,836849.0,0.0,12.0,
14561741,70.0,,goal,regular,False,Yusuf Bamidele,1020116.0,0.0,11.0,
14561741,69.0,,goal,regular,False,Stefan Gartenmann,803671.0,0.0,10.0,
14561741,66.0,,goal,regular,False,Daniel Arzani,822589.0,0.0,9.0,
14561741,63.0,,goal,regular,False,Benjámin Gólik,1990882.0,0.0,8.0,
14561741,60.0,,goal,regular,False,Mohammad Abu Fani,836849.0,0.0,7.0,
14561741,56.0,,goal,regular,False,Yusuf Bamidele,1020116.0,0.0,6.0,
14561741,52.0,,goal,regular,False,Daniel Arzani,822589.0,0.0,5.0,
14561741,45.0,999.0,period,,,,,0.0,4.0,
14561741,42.0,,goal,regular,False,Daniel Arzani,822589.0,0.0,4.0,
14561741,38.0,,goal,regular,False,Jonathan Levi,858203.0,0.0,3.0,
14561741,30.0,,goal,regular,False,Yusuf Bamidele,1020116.0,0.0,2.0,
14561741,15.0,,goal,regular,False,Cebrail Makreckis,991090.0,0.0,1.0,
14561733,999.0,999.0,period,,,,,4.0,2.0,
14561733,120.0,999.0,period,,,,,0.0,0.0,
14561733,90.0,999.0,period,,,,,0.0,0.0,
14561733,45.0,999.0,period,,,,,0.0,0.0,
14561751,90.0,999.0,period,,,,,2.0,4.0,
14561751,83.0,,goal,regular,True,Benedek Mátrai-Zsurzs,1805647.0,2.0,4.0,
14561751,79.0,,goal,regular,False,Máté Kovalovszki,916675.0,1.0,4.0,
14561751,67.0,,goal,regular,False,Tamás Szekszárdi,237104.0,1.0,3.0,
14561751,63.0,,goal,regular,False,Zsolt Pap,1398664.0,1.0,2.0,
14561751,45.0,999.0,period,,,,,1.0,1.0,
14561751,32.0,,goal,regular,True,Attila Levente Vidovics,2053640.0,1.0,1.0,
14561751,20.0,,goal,regular,False,Tamás Szekszárdi,237104.0,0.0,1.0,
14561758,90.0,999.0,period,,,,,0.0,1.0,
14561758,90.0,3.0,goal,regular,False,Aurél Farkas,893901.0,0.0,1.0,
14561758,45.0,999.0,period,,,,,0.0,0.0,
14561731,90.0,999.0,period,,,,,0.0,3.0,
14561731,70.0,,goal,regular,False,Ahmed Nadhir Benbouali,1177807.0,0.0,3.0,
14561731,55.0,,goal,regular,False,Željko Gavrić,879647.0,0.0,2.0,
14561731,46.0,,goal,regular,False,Szabolcs Schön,910050.0,0.0,1.0,
14561731,45.0,999.0,period,,,,,0.0,0.0,
14561738,90.0,999.0,period,,,,,2.0,5.0,
14561738,90.0,1.0,goal,regular,False,Zoltán Dávid Pácsa,1398713.0,2.0,5.0,
14561738,89.0,,goal,regular,False,Milán Rácz,1425479.0,2.0,4.0,
14561738,66.0,,goal,regular,False,Zsolt Huszárik,227578.0,2.0,3.0,
14561738,45.0,999.0,period,,,,,2.0,2.0,
14561738,36.0,,goal,penalty,False,Ádám Tóth,1522767.0,2.0,2.0,
14561738,11.0,,goal,regular,False,Tamás István Seregy,1478996.0,2.0,1.0,
14561738,10.0,,goal,regular,True,Csákvári Zsolt,1492590.0,2.0,0.0,
14561738,8.0,,goal,regular,True,Gabor Potyi,803308.0,1.0,0.0,
14561740,90.0,999.0,period,,,,,2.0,0.0,
14561740,90.0,3.0,goal,regular,True,Zalán Keresztes,1023471.0,2.0,0.0,
14561740,45.0,999.0,period,,,,,1.0,0.0,
14561740,33.0,,goal,regular,True,Milán Ángyán,2063207.0,1.0,0.0,
14561752,90.0,999.0,period,,,,,3.0,0.0,
14561752,72.0,,goal,regular,True,Roland Varga,75998.0,3.0,0.0,
14561752,60.0,,goal,regular,True,Csaba Spandler,227462.0,2.0,0.0,
14561752,45.0,999.0,period,,,,,1.0,0.0,
14561752,5.0,,goal,penalty,True,Roland Varga,75998.0,1.0,0.0,
14561732,90.0,999.0,period,,,,,1.0,7.0,
14561732,81.0,,goal,regular,False,Istvan Bognar,112826.0,1.0,7.0,
14561732,66.0,,goal,ownGoal,False,Bence Fiáth,1518919.0,1.0,6.0,
14561732,65.0,,goal,regular,False,Krisztián Németh,37097.0,1.0,5.0,
14561732,49.0,,goal,regular,True,Ádám Gruber,2063219.0,1.0,4.0,
14561732,45.0,999.0,period,,,,,0.0,4.0,
14561732,32.0,,goal,regular,False,Istvan Bognar,112826.0,0.0,4.0,
14561732,23.0,,goal,regular,False,Róbert Polievka,552350.0,0.0,3.0,
14561732,18.0,,goal,regular,False,Krisztián Németh,37097.0,0.0,2.0,
14561732,15.0,,goal,regular,False,Krisztián Németh,37097.0,0.0,1.0,
14561747,90.0,999.0,period,,,,,0.0,2.0,
14561747,45.0,999.0,period,,,,,0.0,2.0,
14561747,29.0,,goal,regular,False,József Szalai,1147934.0,0.0,2.0,
14561747,16.0,,goal,regular,False,József Szalai,1147934.0,0.0,1.0,
14561745,120.0,999.0,period,,,,,3.0,2.0,
14561745,109.0,,goal,regular,True,Bence Banó-Szabó,887817.0,3.0,2.0,
14561745,90.0,999.0,period,,,,,2.0,2.0,
14561745,69.0,,goal,regular,False,Iuri Medeiros,252613.0,2.0,2.0,
14561745,45.0,999.0,period,,,,,2.0,1.0,
14561745,36.0,,goal,regular,True,Alex Szabó,916684.0,2.0,1.0,
14561745,9.0,,goal,regular,False,Krisztofer Horváth,928572.0,1.0,1.0,
14561745,4.0,,goal,regular,True,Zoltán Derekas,962302.0,1.0,0.0,
14561743,90.0,999.0,period,,,,,3.0,2.0,
14561743,90.0,1.0,goal,regular,True,Miklós Szerencsi,851421.0,3.0,2.0,
14561743,86.0,,goal,regular,False,Norbert Lajos Talpalló,1104687.0,2.0,2.0,
14561743,45.0,999.0,period,,,,,2.0,1.0,
14561743,34.0,,goal,regular,True,,,2.0,1.0,
14561743,33.0,,goal,regular,True,Miklós Szerencsi,851421.0,1.0,1.0,
14561743,13.0,,goal,regular,False,Dávid Juhos,2123858.0,0.0,1.0,
14561728,90.0,999.0,period,,,,,0.0,2.0,
14561728,65.0,,goal,regular,False,Donát Bárány,903551.0,0.0,2.0,
14561728,45.0,999.0,period,,,,,0.0,1.0,
14561728,34.0,,goal,regular,False,György Komáromi,977707.0,0.0,1.0,
14561755,90.0,999.0,period,,,,,1.0,4.0,
14561755,89.0,,goal,regular,False,Erik Kovács,2143551.0,1.0,4.0,
14561755,63.0,,goal,regular,False,Kevin  Kántor,2055855.0,1.0,3.0,
14561755,48.0,,goal,regular,False,Ákos Sigér,1147958.0,1.0,2.0,
14561755,45.0,999.0,period,,,,,1.0,1.0,
14561755,29.0,,goal,regular,False,Ákos Baki,261665.0,1.0,1.0,
14561755,6.0,,goal,regular,True,,,1.0,0.0,
14561748,90.0,999.0,period,,,,,1.0,2.0,
14561748,69.0,,goal,regular,True,Bence Lőrincz,862571.0,1.0,2.0,
14561748,45.0,999.0,period,,,,,0.0,2.0,
14561748,45.0,3.0,goal,regular,False,Márk Bíró,1393245.0,0.0,2.0,
14561748,45.0,1.0,goal,regular,False,Bence Babinszky,999086.0,0.0,1.0,
14561737,90.0,999.0,period,,,,,0.0,3.0,
14561737,83.0,,goal,regular,False,Vladimir Desnica,1166026.0,0.0,3.0,
14561737,47.0,,goal,regular,False,Zoltán Gincsai,2128407.0,0.0,2.0,
14561737,45.0,999.0,period,,,,,0.0,1.0,
14561737,6.0,,goal,regular,False,Gergő Ladányi,1102480.0,0.0,1.0,
14561757,999.0,999.0,period,,,,,5.0,4.0,
14561757,,,penaltyShootout,missed,False,,,5.0,4.0,
14561757,,,penaltyShootout,scored,True,,,5.0,4.0,Scored
14561757,,,penaltyShootout,missed,False,,,4.0,4.0,
14561757,,,penaltyShootout,missed,True,,,4.0,4.0,
14561757,,,penaltyShootout,scored,False,Zsolt Párkányi,2170084.0,4.0,4.0,Scored
14561757,,,penaltyShootout,scored,True,,,4.0,3.0,Scored
14561757,,,penaltyShootout,scored,False,Bence Bunevácz,1413763.0,3.0,3.0,Scored
14561757,,,penaltyShootout,scored,True,,,3.0,2.0,Scored
14561757,,,penaltyShootout,scored,False,Máté Pintér,2058858.0,2.0,2.0,Scored
14561757,,,penaltyShootout,scored,True,,,2.0,1.0,Scored
14561757,,,penaltyShootout,scored,False,Mirkó Gulyás,2058859.0,1.0,1.0,Scored
14561757,,,penaltyShootout,scored,True,Ádám Prozlik,2150384.0,1.0,0.0,Scored
14561757,120.0,999.0,period,,,,,4.0,4.0,
14561757,119.0,,goal,regular,False,Dominik Szabó,2204111.0,4.0,4.0,
14561757,111.0,,goal,penalty,True,,,4.0,3.0,
14561757,90.0,999.0,period,,,,,3.0,3.0,
14561757,83.0,,goal,regular,False,Máté Pintér,2058858.0,3.0,3.0,
14561757,72.0,,goal,regular,False,Zsolt Párkányi,2170084.0,3.0,2.0,
14561757,65.0,,goal,regular,False,András Kilin,2170048.0,3.0,1.0,
14561757,49.0,,goal,regular,True,,,3.0,0.0,
14561757,45.0,999.0,period,,,,,2.0,0.0,
14561757,40.0,,goal,regular,True,Ádám Prozlik,2150384.0,2.0,0.0,
14561757,11.0,,goal,regular,True,Milán Kinyig,2150387.0,1.0,0.0,
14561742,90.0,999.0,period,,,,,1.0,5.0,
14561742,85.0,,goal,regular,False,Dániel Böde,49583.0,1.0,5.0,
14561742,81.0,,goal,regular,False,Milán Pető,1462735.0,1.0,4.0,
14561742,74.0,,goal,regular,False,Dániel Böde,49583.0,1.0,3.0,
14561742,53.0,,goal,regular,True,,,1.0,2.0,
14561742,45.0,999.0,period,,,,,0.0,2.0,
14561742,26.0,,goal,regular,False,Zsolt Haraszti,117441.0,0.0,2.0,
14561742,8.0,,goal,regular,False,Janos Hahn,292503.0,0.0,1.0,
14561744,90.0,999.0,period,,,,,1.0,3.0,
14561744,74.0,,goal,regular,False,Aboubakar Keita,359232.0,1.0,3.0,
14561744,45.0,999.0,period,,,,,1.0,2.0,
14561744,40.0,,goal,regular,True,,,1.0,2.0,
14561744,36.0,,goal,penalty,False,Ivan Saponjic,356186.0,0.0,2.0,
14561744,25.0,,goal,regular,False,Ivan Saponjic,356186.0,0.0,1.0,
14561759,90.0,999.0,period,,,,,0.0,2.0,
14561759,69.0,,goal,regular,False,Áron Borvető,878035.0,0.0,2.0,
14561759,45.0,999.0,period,,,,,0.0,1.0,
14561759,30.0,,goal,regular,False,Dávid Holman,173239.0,0.0,1.0,
14561734,90.0,999.0,period,,,,,0.0,13.0,
14561734,83.0,,goal,regular,False,Ștefan Bîtca,1511111.0,0.0,13.0,
14561734,80.0,,goal,regular,False,Daniel Alves,1175667.0,0.0,12.0,
14561734,78.0,,goal,ownGoal,False,István Géci,2254723.0,0.0,11.0,
14561734,77.0,,goal,regular,False,Daniel Alves,1175667.0,0.0,10.0,
14561734,71.0,,goal,regular,False,András Csonka,863236.0,0.0,9.0,
14561734,69.0,,goal,regular,False,,,0.0,8.0,
14561734,63.0,,goal,regular,False,Daniel Alves,1175667.0,0.0,7.0,
14561734,60.0,,goal,regular,False,Milán Klausz,1397834.0,0.0,6.0,
14561734,52.0,,goal,regular,False,Maxsuell Alegria,1588106.0,0.0,5.0,
14561734,45.0,999.0,period,,,,,0.0,4.0,
14561734,35.0,,goal,regular,False,Janos Bodnar,1214329.0,0.0,4.0,
14561734,32.0,,goal,regular,False,,,0.0,3.0,
14561734,18.0,,goal,penalty,False,Alen Skribek,1000287.0,0.0,2.0,
14561734,15.0,,goal,ownGoal,False,István Géci,2254723.0,0.0,1.0,
14561746,90.0,999.0,period,,,,,0.0,2.0,
14561746,67.0,,goal,regular,False,,,0.0,2.0,
14561746,45.0,999.0,period,,,,,0.0,1.0,
14561746,31.0,,goal,regular,False,Bálint Selyem,1487783.0,0.0,1.0,
14561754,90.0,999.0,period,,,,,4.0,1.0,
14561754,81.0,,goal,regular,True,Bence Pávkovics,793614.0,4.0,1.0,
14561754,63.0,,goal,regular,True,Jozef Urblík,803654.0,3.0,1.0,
14561754,56.0,,goal,regular,False,Artem Favorov,799000.0,2.0,1.0,
14561754,48.0,,goal,regular,True,Milán Tóth,1102513.0,2.0,0.0,
14561754,45.0,999.0,period,,,,,1.0,0.0,
14561754,33.0,,goal,regular,True,Bence Pethő,1137834.0,1.0,0.0,
14561749,90.0,999.0,period,,,,,1.0,0.0,
14561749,50.0,,goal,regular,True,Lukáš Szabó,246775.0,1.0,0.0,
14561749,45.0,999.0,period,,,,,0.0,0.0,
14637100,90.0,999.0,period,,,,,0.0,2.0,
14637100,49.0,,goal,regular,False,Gergő József Lénárt,1398692.0,0.0,2.0,
14637100,45.0,999.0,period,,,,,0.0,1.0,
14637100,13.0,,goal,regular,False,László Török,1148005.0,0.0,1.0,
14561753,90.0,999.0,period,,,,,0.0,4.0,
14561753,74.0,,goal,regular,False,Patrik Bacsa,108663.0,0.0,4.0,
14561753,68.0,,goal,regular,False,Krisztián Székely,1187773.0,0.0,3.0,
14561753,45.0,999.0,period,,,,,0.0,2.0,
14561753,43.0,,goal,regular,False,Olivér Hesz,1148009.0,0.0,2.0,
14561753,26.0,,goal,regular,False,,,0.0,1.0,
14561739,90.0,999.0,period,,,,,1.0,3.0,
14561739,57.0,,goal,regular,True,George Zed Hawkins,2204117.0,1.0,3.0,
14561739,54.0,,goal,ownGoal,False,Máté Bozóki,2058841.0,0.0,3.0,
14561739,45.0,999.0,period,,,,,0.0,2.0,
14561739,34.0,,goal,regular,False,Gábor Erdei,827320.0,0.0,2.0,
14561739,4.0,,goal,regular,False,Márk Bencze,879544.0,0.0,1.0,
14561764,90.0,999.0,period,,,,,0.0,2.0,
14561764,83.0,,inGamePenalty,missed,False,,,,,
14561764,81.0,,goal,regular,False,Zoltán Gálfi,1516842.0,0.0,2.0,
14561764,45.0,999.0,period,,,,,0.0,1.0,
14561764,42.0,,goal,regular,False,Krisztián Köböl,1102553.0,0.0,1.0,
14696179,120.0,999.0,period,,,,,2.0,1.0,
14696179,116.0,,goal,regular,True,Nikolasz Kovács,935395.0,2.0,1.0,
14696179,106.0,,substitution,regular,False,,,,,
14696179,105.0,,card,yellow,True,Dominik Csóka,1120624.0,,,
14696179,103.0,,substitution,regular,True,,,,,
14696179,102.0,,goal,regular,False,Lucas Marcolini,74789.0,1.0,1.0,
14696179,94.0,,goal,regular,True,Dominik Cipf,936514.0,1.0,0.0,
14696179,90.0,999.0,period,,,,,0.0,0.0,
14696179,89.0,,substitution,regular,True,,,,,
14696179,79.0,,substitution,regular,False,,,,,
14696179,77.0,,substitution,regular,True,,,,,
14696179,77.0,,substitution,regular,True,,,,,
14696179,77.0,,substitution,regular,True,,,,,
14696179,74.0,,card,yellow,False,Myke,785945.0,,,
14696179,66.0,,card,yellow,False,Dávid Valencsik,365290.0,,,
14696179,61.0,,substitution,regular,False,,,,,
14696179,61.0,,substitution,regular,True,,,,,
14696179,52.0,,card,yellow,True,Zsolt Tar,94558.0,,,
14696179,46.0,,substitution,regular,False,,,,,
14696179,46.0,,substitution,regular,False,,,,,
14696179,45.0,999.0,period,,,,,0.0,0.0,
14696179,41.0,,card,yellow,True,Barnabas Mohos,2277242.0,,,
14696179,12.0,,card,yellow,False,Márton Zámbó,2127611.0,,,
14696178,90.0,999.0,period,,,,,0.0,1.0,
14696178,90.0,3.0,card,yellow,False,Bence Sós,285843.0,,,
14696178,86.0,,goal,regular,False,Blessing Eleke,780246.0,0.0,1.0,
14696178,78.0,,substitution,regular,False,,,,,
14696178,78.0,,substitution,regular,True,,,,,
14696178,66.0,,substitution,regular,False,,,,,
14696178,62.0,,substitution,regular,True,,,,,
14696178,56.0,,card,yellow,True,Dávid Czerula,1595523.0,,,
14696178,55.0,,substitution,regular,True,,,,,
14696178,51.0,,card,yellow,True,Márton Benkő,1913155.0,,,
14696178,51.0,,card,yellow,True,Márton Benkő,1913155.0,,,
14696178,46.0,,substitution,regular,False,,,,,
14696178,46.0,,substitution,regular,False,,,,,
14696178,45.0,999.0,period,,,,,0.0,0.0,
14696178,30.0,,card,yellow,True,Máté Kádár,1133952.0,,,
14696178,24.0,,card,yellow,True,Áron Meszlényi,1913162.0,,,
14696178,24.0,,card,yellow,True,Áron Meszlényi,1913162.0,,,
14696178,9.0,,inGamePenalty,missed,True,,,,,
14696178,8.0,,card,yellow,False,Dániel Gyollai,802494.0,,,
14696178,5.0,,substitution,regular,False,,,,,
14696173,90.0,999.0,period,,,,,4.0,0.0,
14696173,90.0,2.0,goal,regular,True,Lenny Joseph,1010126.0,4.0,0.0,
14696173,80.0,,substitution,regular,False,,,,,
14696173,71.0,,substitution,regular,False,,,,,
14696173,71.0,,substitution,regular,False,,,,,
14696173,71.0,,substitution,regular,True,,,,,
14696173,71.0,,substitution,regular,True,,,,,
14696173,63.0,,substitution,regular,True,,,,,
14696173,63.0,,substitution,regular,False,,,,,
14696173,63.0,,substitution,regular,False,,,,,
14696173,46.0,,substitution,regular,True,,,,,
14696173,46.0,,substitution,regular,True,,,,,
14696173,45.0,999.0,period,,,,,3.0,0.0,
14696173,45.0,1.0,goal,regular,True,Kristoffer Zachariassen,548312.0,3.0,0.0,
14696173,33.0,,card,yellow,False,Richárd Zsolnai,289543.0,,,
14696173,29.0,,goal,regular,True,Aleksandar Pešić,41069.0,2.0,0.0,
14696173,24.0,,goal,regular,True,Lenny Joseph,1010126.0,1.0,0.0,
14696177,120.0,999.0,period,,,,,2.0,3.0,
14696177,105.0,,goal,penalty,False,Zsolt Magyar,1009850.0,2.0,3.0,
14696177,101.0,,card,yellow,True,Áron-Róbert Girsik,1010210.0,,,
14696177,92.0,,card,yellow,True,Kristóf Szűcs,872366.0,,,
14696177,90.0,999.0,period,,,,,2.0,2.0,
14696177,90.0,5.0,goal,regular,False,Aurél Farkas,893901.0,2.0,2.0,
14696177,89.0,,card,yellow,False,Péter Bányai,1148010.0,,,
14696177,89.0,,card,yellow,False,Roland Baracskai,79178.0,,,
14696177,85.0,,card,yellow,False,Zsolt Magyar,1009850.0,,,
14696177,70.0,,substitution,regular,False,,,,,
14696177,70.0,,substitution,regular,False,,,,,
14696177,70.0,,substitution,regular,True,,,,,
14696177,70.0,,substitution,regular,True,,,,,
14696177,68.0,,goal,penalty,True,Áron-Róbert Girsik,1010210.0,2.0,1.0,
14696177,59.0,,substitution,regular,False,,,,,
14696177,59.0,,substitution,regular,False,,,,,
14696177,59.0,,substitution,regular,False,,,,,
14696177,58.0,,goal,regular,True,Félix Sághy,999073.0,1.0,1.0,
14696177,47.0,,card,yellow,False,Áron Fejős,803266.0,,,
14696177,46.0,,substitution,regular,True,,,,,
14696177,46.0,,substitution,regular,True,,,,,
14696177,45.0,999.0,period,,,,,0.0,1.0,
14696177,41.0,,card,yellow,False,Dániel Karacs,1126873.0,,,
14696177,26.0,,goal,regular,False,Áron Fejős,803266.0,0.0,1.0,
14696177,20.0,,substitution,regular,True,,,,,
14696171,90.0,999.0,period,,,,,9.0,0.0,
14696171,84.0,,card,yellow,True,Deian Boldor,190299.0,,,
14696171,82.0,,substitution,regular,False,,,,,
14696171,82.0,,substitution,regular,False,,,,,
14696171,78.0,,substitution,regular,True,,,,,
14696171,74.0,,card,yellow,True,Imre Tollár,2054716.0,,,
14696171,67.0,,goal,regular,True,Deian Boldor,190299.0,9.0,0.0,
14696171,66.0,,card,yellow,False,Ádám Tóth,1522767.0,,,
14696171,64.0,,card,yellow,False,Milán Rácz,1425479.0,,,
14696171,62.0,,card,yellow,True,Norbert Urblík,1210974.0,,,
14696171,60.0,,substitution,regular,True,,,,,
14696171,60.0,,substitution,regular,True,,,,,
14696171,58.0,,goal,regular,True,Jovan Živković,1423470.0,8.0,0.0,
14696171,54.0,,substitution,regular,False,,,,,
14696171,51.0,,goal,regular,True,Jovan Živković,1423470.0,7.0,0.0,
14696171,46.0,,substitution,regular,False,,,,,
14696171,46.0,,substitution,regular,False,,,,,
14696171,46.0,,substitution,regular,True,,,,,
14696171,46.0,,substitution,regular,True,,,,,
14696171,45.0,999.0,period,,,,,6.0,0.0,
14696171,45.0,2.0,card,yellow,False,Bálint Nemes,1522782.0,,,
14696171,45.0,1.0,goal,penalty,True,Marcell Huszár,1442190.0,6.0,0.0,
14696171,41.0,,card,yellow,True,Alexander Abrahamsson,954733.0,,,
14696171,37.0,,goal,regular,True,Nfansu Njie,1516150.0,5.0,0.0,
14696171,26.0,,goal,regular,True,Oleksandr Pyshchur,1563593.0,4.0,0.0,
14696171,25.0,,goal,regular,True,Oleksandr Pyshchur,1563593.0,3.0,0.0,
14696171,9.0,,goal,regular,True,Nfansu Njie,1516150.0,2.0,0.0,
14696171,5.0,,goal,regular,True,Alexander Abrahamsson,954733.0,1.0,0.0,
14696184,90.0,999.0,period,,,,,0.0,1.0,
14696184,90.0,3.0,card,yellow,False,Gergő Kocsis,254163.0,,,
14696184,90.0,,substitution,regular,False,,,,,
14696184,87.0,,card,yellow,False,Bence Bedi,803325.0,,,
14696184,80.0,,substitution,regular,True,,,,,
14696184,80.0,,substitution,regular,True,,,,,
14696184,73.0,,substitution,regular,False,,,,,
14696184,69.0,,substitution,regular,True,,,,,
14696184,69.0,,substitution,regular,True,,,,,
14696184,53.0,,goal,regular,False,Gergely Bobál,182085.0,0.0,1.0,
14696184,46.0,,substitution,regular,True,,,,,
14696184,46.0,,substitution,regular,False,,,,,
14696184,46.0,,substitution,regular,False,,,,,
14696184,45.0,999.0,period,,,,,0.0,0.0,
14696184,12.0,,substitution,regular,False,,,,,
14696174,90.0,999.0,period,,,,,5.0,1.0,
14696174,87.0,,card,yellow,False,Mátyás Vidnyánszky,1392799.0,,,
14696174,82.0,,goal,regular,True,Patrik Kovács,1154062.0,5.0,1.0,
14696174,73.0,,substitution,regular,False,,,,,
14696174,72.0,,substitution,regular,True,,,,,
14696174,69.0,,goal,regular,True,Krisztián Németh,37097.0,4.0,1.0,
14696174,67.0,,substitution,regular,True,,,,,
14696174,65.0,,substitution,regular,False,,,,,
14696174,65.0,,substitution,regular,False,,,,,
14696174,65.0,,substitution,regular,False,,,,,
14696174,65.0,,substitution,regular,False,,,,,
14696174,57.0,,substitution,regular,True,,,,,
14696174,55.0,,goal,regular,True,Jakub Plsek,151866.0,3.0,1.0,
14696174,46.0,,substitution,regular,True,,,,,
14696174,46.0,,substitution,regular,True,,,,,
14696174,45.0,999.0,period,,,,,2.0,1.0,
14696174,34.0,,goal,regular,True,Patrik Kovács,1154062.0,2.0,1.0,
14696174,13.0,,goal,regular,True,István Átrok,1468566.0,1.0,1.0,
14696174,5.0,,goal,ownGoal,False,Mihály Kata,983511.0,0.0,1.0,
14696180,90.0,999.0,period,,,,,2.0,1.0,
14696180,90.0,2.0,card,yellow,True,Attila Haris,757904.0,,,
14696180,90.0,,card,yellow,True,Barnabás Kovács,1019677.0,,,
14696180,78.0,,substitution,regular,True,,,,,
14696180,78.0,,substitution,regular,True,,,,,
14696180,76.0,,card,yellow,False,Szabolcs Füredi,916633.0,,,
14696180,73.0,,goal,regular,True,Bertalan Bocskay,1063316.0,2.0,1.0,
14696180,66.0,,card,yellow,True,Bertalan Bocskay,1063316.0,,,
14696180,62.0,,substitution,regular,True,,,,,
14696180,62.0,,substitution,regular,True,,,,,
14696180,55.0,,goal,regular,False,Máté Kovács,999088.0,1.0,1.0,
14696180,46.0,,substitution,regular,False,,,,,
14696180,46.0,,substitution,regular,False,,,,,
14696180,45.0,999.0,period,,,,,1.0,0.0,
14696180,45.0,,card,yellow,True,Csaba Belényesi,1032274.0,,,
14696180,39.0,,goal,regular,True,Marcell Berki,1142097.0,1.0,0.0,
14696185,120.0,999.0,period,,,,,1.0,2.0,
14696185,119.0,,card,yellow,False,Ákos Zuigéber,983512.0,,,
14696185,118.0,,goal,regular,False,Ákos Zuigéber,983512.0,1.0,2.0,
14696185,109.0,,card,yellow,False,Patrik Pinte,841983.0,,,
14696185,106.0,,substitution,regular,False,,,,,
14696185,100.0,,substitution,regular,True,,,,,
14696185,97.0,,card,yellow,False,Bence Varga,842018.0,,,
14696185,96.0,,card,yellow,True,Đorđe Gordić,1121636.0,,,
14696185,91.0,,substitution,regular,False,,,,,
14696185,90.0,999.0,period,,,,,1.0,1.0,
14696185,84.0,,substitution,regular,True,,,,,
14696185,84.0,,substitution,regular,False,,,,,
14696185,77.0,,substitution,regular,True,,,,,
14696185,77.0,,substitution,regular,True,,,,,
14696185,75.0,,card,yellow,True,Balázs Dzsudzsák,25642.0,,,
14696185,68.0,,substitution,regular,False,,,,,
14696185,68.0,,substitution,regular,False,,,,,
14696185,68.0,,substitution,regular,False,,,,,
14696185,66.0,,substitution,regular,True,,,,,
14696185,66.0,,substitution,regular,True,,,,,
14696185,56.0,,goal,regular,False,Branko Pauljević,99978.0,1.0,1.0,
14696185,45.0,999.0,period,,,,,1.0,0.0,
14696185,45.0,2.0,card,yellow,False,Kevin  Kántor,2055855.0,,,
14696185,22.0,,goal,regular,True,Balázs Dzsudzsák,25642.0,1.0,0.0,
14696182,999.0,999.0,period,,,,,2.0,3.0,
14696182,,,penaltyShootout,missed,True,,,2.0,3.0,
14696182,,,penaltyShootout,scored,False,Vladimir Desnica,1166026.0,2.0,3.0,Scored
14696182,,,penaltyShootout,scored,True,Bence Babinszky,999086.0,2.0,2.0,Scored
14696182,,,penaltyShootout,missed,False,,,1.0,2.0,
14696182,,,penaltyShootout,scored,True,Sámuel Bakó,1487802.0,1.0,2.0,Scored
14696182,,,penaltyShootout,scored,False,Tamás Molnár,1067930.0,0.0,2.0,Scored
14696182,,,penaltyShootout,missed,True,,,0.0,1.0,
14696182,,,penaltyShootout,scored,False,Alex Burzi,2123765.0,0.0,1.0,Scored
14696182,,,penaltyShootout,missed,True,,,0.0,0.0,
14696182,120.0,999.0,period,,,,,0.0,0.0,
14696182,115.0,,card,yellow,False,Gábor Puskás,916901.0,,,
14696182,112.0,,substitution,regular,False,,,,,
14696182,103.0,,card,yellow,False,Tamás Molnár,1067930.0,,,
14696182,93.0,,card,yellow,True,Richárd Jelena,831491.0,,,
14696182,90.0,999.0,period,,,,,0.0,0.0,
14696182,90.0,3.0,card,yellow,True,Dominik Kocsis,1108212.0,,,
14696182,90.0,1.0,substitution,regular,True,,,,,
14696182,79.0,,substitution,regular,False,,,,,
14696182,79.0,,substitution,regular,False,,,,,
14696182,79.0,,substitution,regular,True,,,,,
14696182,79.0,,substitution,regular,True,,,,,
14696182,75.0,,card,yellow,False,Roland Horváth,380716.0,,,
14696182,75.0,,card,yellow,True,István Oroszi,1023422.0,,,
14696182,71.0,,substitution,regular,False,,,,,
14696182,69.0,,substitution,regular,True,,,,,
14696182,69.0,,substitution,regular,True,,,,,
14696182,61.0,,substitution,regular,True,,,,,
14696182,55.0,,card,yellow,True,Zoltán Pesti,1196920.0,,,
14696182,49.0,,card,yellow,False,Róbert Molnár,255485.0,,,
14696182,45.0,999.0,period,,,,,0.0,0.0,
14696187,90.0,999.0,period,,,,,1.0,4.0,
14696187,80.0,,substitution,regular,False,,,,,
14696187,79.0,,goal,regular,False,Balazs Balogh,128821.0,1.0,4.0,
14696187,76.0,,substitution,regular,True,,,,,
14696187,71.0,,substitution,regular,True,,,,,
14696187,71.0,,substitution,regular,True,,,,,
14696187,65.0,,substitution,regular,False,,,,,
14696187,65.0,,substitution,regular,False,,,,,
14696187,63.0,,goal,regular,False,Dániel Böde,49583.0,1.0,3.0,
14696187,60.0,,substitution,regular,True,,,,,
14696187,60.0,,substitution,regular,True,,,,,
14696187,60.0,,card,yellow,True,Gergő Mahler,1467066.0,,,
14696187,59.0,,goal,regular,False,Dániel Böde,49583.0,1.0,2.0,
14696187,54.0,,substitution,regular,False,,,,,
14696187,54.0,,substitution,regular,False,,,,,
14696187,45.0,999.0,period,,,,,1.0,1.0,
14696187,29.0,,goal,regular,True,Milán Kinyig,2150387.0,1.0,1.0,
14696187,25.0,,card,yellow,True,Ádám Prozlik,2150384.0,,,
14696187,22.0,,goal,regular,False,János Szabó,49591.0,0.0,1.0,
14696190,90.0,999.0,period,,,,,2.0,0.0,
14696190,90.0,,substitution,regular,False,,,,,
14696190,90.0,,substitution,regular,False,,,,,
14696190,90.0,,substitution,regular,True,,,,,
14696190,80.0,,substitution,regular,False,,,,,
14696190,80.0,,substitution,regular,False,,,,,
14696190,80.0,,substitution,regular,True,,,,,
14696190,80.0,,substitution,regular,True,,,,,
14696190,69.0,,goal,regular,True,Máté Sajbán,966252.0,2.0,0.0,
14696190,64.0,,card,yellow,True,Gergo Holdampf,311540.0,,,
14696190,62.0,,substitution,regular,False,,,,,
14696190,60.0,,substitution,regular,True,,,,,
14696190,46.0,,substitution,regular,True,,,,,
14696190,45.0,999.0,period,,,,,1.0,0.0,
14696190,45.0,,card,yellow,True,Aboubakar Keita,359232.0,,,
14696190,35.0,,goal,regular,True,Máté Sajbán,966252.0,1.0,0.0,
14696190,26.0,,card,yellow,False,Levente Vágó,263053.0,,,
14696190,13.0,,card,yellow,False,Zoltán Szilágyi,848139.0,,,
14696172,90.0,999.0,period,,,,,3.0,1.0,
14696172,88.0,,card,yellow,False,György Varga,1213582.0,,,
14696172,73.0,,substitution,regular,False,,,,,
14696172,73.0,,substitution,regular,True,,,,,
14696172,65.0,,substitution,regular,True,,,,,
14696172,65.0,,substitution,regular,True,,,,,
14696172,63.0,,substitution,regular,False,,,,,
14696172,63.0,,substitution,regular,False,,,,,
14696172,58.0,,substitution,regular,True,,,,,
14696172,58.0,,substitution,regular,True,,,,,
14696172,55.0,,goal,regular,True,Ábel György Krajcsovics,1434418.0,3.0,1.0,
14696172,53.0,,goal,regular,True,Balázs Bakti,1146823.0,2.0,1.0,
14696172,47.0,,goal,regular,False,Donát Horgosi,859482.0,1.0,1.0,
14696172,46.0,,substitution,regular,False,,,,,
14696172,46.0,,substitution,regular,False,,,,,
14696172,45.0,999.0,period,,,,,1.0,0.0,
14696172,37.0,,card,yellow,False,Patrik Posztobányi,983509.0,,,
14696172,14.0,,goal,penalty,True,Norbert Szendrei,936252.0,1.0,0.0,
14696176,90.0,999.0,period,,,,,3.0,0.0,
14696176,90.0,1.0,goal,regular,True,Rajmund Horváth,1104699.0,3.0,0.0,
14696176,80.0,,substitution,regular,False,,,,,
14696176,80.0,,substitution,regular,False,,,,,
14696176,80.0,,substitution,regular,False,,,,,
14696176,78.0,,substitution,regular,True,,,,,
14696176,72.0,,goal,regular,True,Bence Pethő,1137834.0,2.0,0.0,
14696176,71.0,,card,yellow,False,Richárd Deákovits,1471514.0,,,
14696176,70.0,,substitution,regular,True,,,,,
14696176,70.0,,substitution,regular,True,,,,,
14696176,68.0,,substitution,regular,False,,,,,
14696176,68.0,,substitution,regular,False,,,,,
14696176,57.0,,card,yellow,True,György Ottucsák,2296086.0,,,
14696176,55.0,,substitution,regular,True,,,,,
14696176,46.0,,substitution,regular,True,,,,,
14696176,45.0,999.0,period,,,,,1.0,0.0,
14696176,28.0,,card,yellow,True,Boldizsár Rab,1464416.0,,,
14696176,27.0,,goal,ownGoal,True,Márton Wágenhoffer,2056284.0,1.0,0.0,
14696176,26.0,,card,yellow,False,Dávid Kerékgyartó,794261.0,,,
14696175,120.0,999.0,period,,,,,1.0,0.0,
14696175,119.0,,substitution,regular,True,,,,,
14696175,116.0,,card,yellow,False,Alexandru Ureche,1405510.0,,,
14696175,114.0,,substitution,regular,True,,,,,
14696175,106.0,,substitution,regular,True,,,,,
14696175,100.0,,goal,regular,True,Gergő József Lénárt,1398692.0,1.0,0.0,
14696175,99.0,,card,yellow,True,Zsolt Kelemen,2123288.0,,,
14696175,91.0,,card,yellow,True,Dániel Tóth,172541.0,,,
14696175,90.0,999.0,period,,,,,0.0,0.0,
14696175,83.0,,card,yellow,True,Iván Jankelic,1424921.0,,,
14696175,82.0,,substitution,regular,False,,,,,
14696175,82.0,,substitution,regular,False,,,,,
14696175,76.0,,card,yellow,False,Marcell Nemes,1466979.0,,,
14696175,74.0,,substitution,regular,True,,,,,
14696175,68.0,,card,yellow,False,Ákos Király,1496061.0,,,
14696175,66.0,,substitution,regular,True,,,,,
14696175,64.0,,substitution,regular,False,,,,,
14696175,46.0,,substitution,regular,False,,,,,
14696175,46.0,,substitution,regular,False,,,,,
14696175,45.0,999.0,period,,,,,0.0,0.0,
14696175,42.0,,card,yellow,True,Gergő József Lénárt,1398692.0,,,
14696188,90.0,999.0,period,,,,,0.0,1.0,
14696188,90.0,3.0,card,yellow,False,Krisztián Köböl,1102553.0,,,
14696188,90.0,,substitution,regular,False,,,,,
14696188,78.0,,goal,regular,False,Zoltán Gálfi,1516842.0,0.0,1.0,
14696188,71.0,,substitution,regular,True,,,,,
14696188,71.0,,substitution,regular,False,,,,,
14696188,69.0,,card,red,True,Balázs Lencsés,929475.0,,,
14696188,65.0,,card,yellow,True,Dániel Wirth,1424911.0,,,
14696188,62.0,,substitution,regular,True,,,,,
14696188,55.0,,substitution,regular,True,,,,,
14696188,55.0,,substitution,regular,True,,,,,
14696188,46.0,,substitution,regular,False,,,,,
14696188,46.0,,substitution,regular,False,,,,,
14696188,46.0,,substitution,regular,False,,,,,
14696188,45.0,999.0,period,,,,,0.0,0.0,
14987798,90.0,999.0,period,,,,,0.0,1.0,
14987798,89.0,,substitution,regular,True,,,,,
14987798,86.0,,card,yellow,False,Nimród Baranyai,1146812.0,,,
14987798,77.0,,card,yellow,False,Mykhaylo Meskhi,1023514.0,,,
14987798,72.0,,substitution,regular,True,,,,,
14987798,70.0,,substitution,regular,False,,,,,
14987798,61.0,,card,yellow,True,Nikolasz Nagy,1513114.0,,,
14987798,49.0,,card,yellow,True,Dominik Cipf,936514.0,,,
14987798,46.0,,substitution,regular,True,,,,,
14987798,46.0,,substitution,regular,True,,,,,
14987798,45.0,999.0,period,,,,,0.0,1.0,
14987798,43.0,,card,yellow,True,Zsombor Csörnyei,2124335.0,,,
14987798,34.0,,goal,penalty,False,Bálint József Kártik,847425.0,0.0,1.0,
14987799,90.0,999.0,period,,,,,4.0,0.0,
14987799,83.0,,substitution,regular,False,,,,,
14987799,77.0,,substitution,regular,True,,,,,
14987799,71.0,,substitution,regular,False,,,,,
14987799,62.0,,substitution,regular,True,,,,,
14987799,62.0,,substitution,regular,True,,,,,
14987799,62.0,,substitution,regular,True,,,,,
14987799,62.0,,substitution,regular,True,,,,,
14987799,59.0,,card,yellow,False,Márton Radics,991197.0,,,
14987799,46.0,,substitution,regular,False,,,,,
14987799,46.0,,substitution,regular,False,,,,,
14987799,46.0,,substitution,regular,False,,,,,
14987799,45.0,999.0,period,,,,,4.0,0.0,
14987799,40.0,,goal,regular,True,Cadu,1032956.0,4.0,0.0,
14987799,18.0,,goal,regular,True,Kristoffer Zachariassen,548312.0,3.0,0.0,
14987799,15.0,,goal,regular,True,Lenny Joseph,1010126.0,2.0,0.0,
14987799,12.0,,goal,regular,True,Lenny Joseph,1010126.0,1.0,0.0,
14987797,90.0,999.0,period,,,,,2.0,0.0,
14987797,90.0,1.0,goal,ownGoal,True,Kende Köllő,2062751.0,2.0,0.0,
14987797,86.0,,substitution,regular,True,,,,,
14987797,86.0,,substitution,regular,True,,,,,
14987797,67.0,,substitution,regular,False,,,,,
14987797,65.0,,goal,regular,True,Ahmed Nadhir Benbouali,1177807.0,1.0,0.0,
14987797,61.0,,substitution,regular,False,,,,,
14987797,60.0,,substitution,regular,True,,,,,
14987797,60.0,,substitution,regular,True,,,,,
14987797,46.0,,substitution,regular,False,,,,,
14987797,46.0,,substitution,regular,False,,,,,
14987797,46.0,,substitution,regular,False,,,,,
14987797,45.0,999.0,period,,,,,0.0,0.0,
14987797,44.0,,substitution,injury,True,,,,,
14987797,35.0,,card,yellow,True,Deian Boldor,190299.0,,,
14987801,90.0,999.0,period,,,,,1.0,2.0,
14987801,81.0,,substitution,regular,False,,,,,
14987801,78.0,,substitution,regular,False,,,,,
14987801,72.0,,substitution,regular,True,,,,,
14987801,65.0,,card,yellow,True,Ádin Molnár,1405717.0,,,
14987801,63.0,,substitution,regular,True,,,,,
14987801,63.0,,substitution,regular,True,,,,,
14987801,59.0,,substitution,regular,False,,,,,
14987801,51.0,,card,yellow,False,Alex Szabó,916684.0,,,
14987801,46.0,,substitution,regular,False,,,,,
14987801,46.0,,substitution,regular,False,,,,,
14987801,46.0,,substitution,regular,True,,,,,
14987801,46.0,,substitution,regular,True,,,,,
14987801,45.0,999.0,period,,,,,1.0,2.0,
14987801,23.0,,goal,penalty,False,Zoltán Derekas,962302.0,1.0,2.0,
14987801,20.0,,goal,regular,True,Vilius Armalas,847392.0,1.0,1.0,
14987801,10.0,,goal,regular,False,Ádám Czékus,1394643.0,0.0,1.0,
14987801,6.0,,card,yellow,False,Milán Papp,1133983.0,,,
14987796,90.0,999.0,period,,,,,2.0,0.0,
14987796,90.0,4.0,card,yellow,True,Kevin Kállai,1102493.0,,,
14987796,87.0,,substitution,regular,True,,,,,
14987796,87.0,,goal,regular,True,Zoltán Medgyes,182079.0,2.0,0.0,
14987796,86.0,,substitution,regular,False,,,,,
14987796,86.0,,substitution,regular,False,,,,,
14987796,83.0,,card,yellow,False,Richárd Slezák,1424913.0,,,
14987796,78.0,,substitution,regular,True,,,,,
14987796,73.0,,card,yellow,True,Dominik Csontos,1004775.0,,,
14987796,72.0,,substitution,regular,False,,,,,
14987796,69.0,,substitution,regular,True,,,,,
14987796,69.0,,substitution,regular,True,,,,,
14987796,65.0,,card,yellow,False,Krisztián Schildkraut,1155872.0,,,
14987796,61.0,,substitution,regular,False,,,,,
14987796,60.0,,goal,regular,True,Ákos Baki,261665.0,1.0,0.0,
14987796,55.0,,card,yellow,False,Bence Soós,1424219.0,,,
14987796,46.0,,substitution,regular,True,,,,,
14987796,45.0,999.0,period,,,,,0.0,0.0,
14987796,44.0,,card,yellow,False,János Molnár,1468734.0,,,
14987800,90.0,999.0,period,,,,,2.0,6.0,
14987800,87.0,,substitution,regular,False,,,,,
14987800,87.0,,substitution,regular,False,,,,,
14987800,80.0,,substitution,regular,True,,,,,
14987800,75.0,,card,yellow,True,Kevin Horváth,1508100.0,,,
14987800,64.0,,card,yellow,True,Áron Alaxai,1108209.0,,,
14987800,63.0,,substitution,regular,False,,,,,
14987800,60.0,,goal,regular,False,Márk Mucsányi,1082811.0,2.0,6.0,
14987800,59.0,,substitution,regular,True,,,,,
14987800,59.0,,substitution,regular,True,,,,,
14987800,58.0,,substitution,regular,False,,,,,
14987800,49.0,,card,yellow,False,Lamin Colley,1092406.0,,,
14987800,47.0,,goal,regular,False,Lamin Colley,1092406.0,2.0,5.0,
14987800,46.0,,substitution,regular,True,,,,,
14987800,45.0,999.0,period,,,,,2.0,4.0,
14987800,45.0,3.0,card,yellow,False,Szilárd Bokros,942579.0,,,
14987800,43.0,,goal,regular,True,Martin Adam,285739.0,2.0,4.0,
14987800,31.0,,substitution,injury,True,,,,,
14987800,28.0,,goal,regular,False,Lamin Colley,1092406.0,1.0,4.0,
14987800,25.0,,goal,regular,True,József Windecker,81048.0,1.0,3.0,
14987800,20.0,,goal,regular,False,Yohan Croizet,168435.0,0.0,3.0,
14987800,14.0,,card,yellow,True,Bence Lenzsér,576318.0,,,
14987800,13.0,,goal,regular,False,Máté Sajbán,966252.0,0.0,2.0,
14987800,1.0,,goal,regular,False,Yohan Croizet,168435.0,0.0,1.0,
14987802,90.0,999.0,period,,,,,2.0,1.0,
14987802,90.0,3.0,substitution,regular,True,,,,,
14987802,90.0,3.0,substitution,regular,True,,,,,
14987802,90.0,2.0,card,yellow,True,Norbert Szendrei,936252.0,,,
14987802,90.0,,card,yellow,False,Dávid Zimonyi,962323.0,,,
14987802,84.0,,substitution,regular,True,,,,,
14987802,82.0,,substitution,regular,False,,,,,
14987802,75.0,,substitution,regular,False,,,,,
14987802,75.0,,substitution,regular,False,,,,,
14987802,73.0,,substitution,regular,True,,,,,
14987802,63.0,,substitution,regular,False,,,,,
14987802,59.0,,goal,regular,True,Bence Kiss,859957.0,2.0,1.0,
14987802,54.0,,card,yellow,False,Rajmund Horváth,1104699.0,,,
14987802,52.0,,goal,regular,True,Fabricio Amato,1485369.0,1.0,1.0,
14987802,50.0,,goal,regular,False,Jozef Urblík,803654.0,0.0,1.0,
14987802,45.0,999.0,period,,,,,0.0,0.0,
14987802,26.0,,card,yellow,False,Bence Pávkovics,793614.0,,,
14987803,90.0,999.0,period,,,,,0.0,1.0,
14987803,88.0,,substitution,regular,True,,,,,
14987803,83.0,,substitution,regular,True,,,,,
14987803,83.0,,substitution,regular,True,,,,,
14987803,80.0,,goal,regular,False,Balázs Lovrencsics,591222.0,0.0,1.0,
14987803,73.0,,substitution,regular,False,,,,,
14987803,73.0,,substitution,regular,False,,,,,
14987803,66.0,,substitution,regular,True,,,,,
14987803,66.0,,substitution,regular,True,,,,,
14987803,65.0,,card,yellow,True,Benjámin Csaba Lakatos,1424922.0,,,
14987803,46.0,,substitution,regular,False,,,,,
14987803,46.0,,substitution,regular,False,,,,,
14987803,45.0,999.0,period,,,,,0.0,0.0,
14987803,22.0,,card,yellow,False,Kevin Korozmán,795382.0,,,
15537037,90.0,999.0,period,,,,,0.0,5.0,
15537037,81.0,,substitution,regular,True,,,,,
15537037,76.0,,card,yellow,False,Philippe Rommens,606190.0,,,
15537037,72.0,,substitution,regular,False,,,,,
15537037,64.0,,substitution,regular,False,,,,,
15537037,64.0,,substitution,regular,False,,,,,
15537037,46.0,,substitution,regular,False,,,,,
15537037,46.0,,substitution,regular,False,,,,,
15537037,46.0,,substitution,regular,True,,,,,
15537037,46.0,,substitution,regular,True,,,,,
15537037,46.0,,substitution,regular,True,,,,,
15537037,45.0,999.0,period,,,,,0.0,5.0,
15537037,45.0,,goal,regular,False,Cadu,1032956.0,0.0,5.0,
15537037,41.0,,goal,regular,False,Yusuf Bamidele,1020116.0,0.0,4.0,
15537037,31.0,,goal,regular,False,Lenny Joseph,1010126.0,0.0,3.0,
15537037,26.0,,goal,regular,False,Mariano Gómez,907041.0,0.0,2.0,
15537037,21.0,,goal,regular,False,Yusuf Bamidele,1020116.0,0.0,1.0,
15537040,120.0,999.0,period,,,,,3.0,1.0,
15537040,120.0,,goal,regular,True,Željko Gavrić,879647.0,3.0,1.0,
15537040,116.0,,card,yellow,True,Oleksandr Pyshchur,1563593.0,,,
15537040,115.0,,goal,regular,True,Oleksandr Pyshchur,1563593.0,2.0,1.0,
15537040,105.0,,card,yellow,True,Márk Csinger,1012661.0,,,
15537040,100.0,,substitution,regular,True,,,,,
15537040,100.0,,substitution,regular,True,,,,,
15537040,91.0,,substitution,regular,False,,,,,
15537040,90.0,999.0,period,,,,,1.0,1.0,
15537040,90.0,4.0,card,yellow,True,Kevin Bánáti,1858468.0,,,
15537040,90.0,2.0,substitution,regular,True,,,,,
15537040,83.0,,substitution,regular,True,,,,,
15537040,79.0,,substitution,regular,False,,,,,
15537040,79.0,,substitution,regular,False,,,,,
15537040,77.0,,card,yellow,False,Ákos Debreceni,1022522.0,,,
15537040,76.0,,card,yellow,False,Alex Szabó,916684.0,,,
15537040,68.0,,goal,regular,True,Željko Gavrić,879647.0,1.0,1.0,
15537040,62.0,,card,yellow,False,Zoltán Derekas,962302.0,,,
15537040,61.0,,substitution,regular,False,,,,,
15537040,61.0,,substitution,regular,False,,,,,
15537040,55.0,,card,yellow,False,Bertalan Bocskay,1063316.0,,,
15537040,54.0,,substitution,regular,True,,,,,
15537040,46.0,,substitution,regular,True,,,,,
15537040,45.0,999.0,period,,,,,0.0,1.0,
15537040,31.0,,substitution,injury,False,,,,,
15537040,12.0,,goal,regular,False,Andor Bolyki,169109.0,0.0,1.0,
15537039,90.0,999.0,period,,,,,1.0,0.0,
15537039,90.0,3.0,card,yellow,True,Kevin Varga,602730.0,,,
15537039,86.0,,substitution,regular,True,,,,,
15537039,82.0,,card,yellow,True,Kevin Kállai,1102493.0,,,
15537039,81.0,,substitution,regular,False,,,,,
15537039,79.0,,substitution,regular,True,,,,,
15537039,79.0,,substitution,regular,True,,,,,
15537039,75.0,,substitution,regular,False,,,,,
15537039,75.0,,substitution,regular,False,,,,,
15537039,72.0,,card,yellow,False,Mark Tamas,338525.0,,,
15537039,69.0,,substitution,regular,False,,,,,
15537039,69.0,,substitution,regular,False,,,,,
15537039,69.0,,substitution,regular,True,,,,,
15537039,69.0,,substitution,regular,True,,,,,
15537039,64.0,,goal,regular,True,Ádám Gyurcsó,81058.0,1.0,0.0,
15537039,48.0,,card,yellow,True,Ákos Baki,261665.0,,,
15537039,45.0,999.0,period,,,,,0.0,0.0,
15537039,27.0,,card,yellow,True,Ádam Szamosi,1649447.0,,,
15537039,25.0,,card,yellow,True,Branko Pauljević,99978.0,,,
15537041,90.0,999.0,period,,,,,1.0,0.0,
15537041,89.0,,card,yellow,False,Dániel Lukács,2058772.0,,,
15537041,86.0,,goal,regular,True,Lucas Alfonso,1653799.0,1.0,0.0,
15537041,81.0,,substitution,regular,False,,,,,
15537041,79.0,,card,yellow,False,Krisztián Köböl,1102553.0,,,
15537041,72.0,,substitution,regular,False,,,,,
15537041,66.0,,card,yellow,True,Norbert Szendrei,936252.0,,,
15537041,63.0,,substitution,regular,False,,,,,
15537041,62.0,,substitution,regular,True,,,,,
15537041,55.0,,substitution,regular,True,,,,,
15537041,55.0,,substitution,regular,True,,,,,
15537041,46.0,,substitution,regular,False,,,,,
15537041,45.0,999.0,period,,,,,0.0,0.0,
15537041,20.0,,card,yellow,True,Bence Várkonyi,999107.0,,,
15679214,999.0,999.0,period,,,,,3.0,2.0,
15679214,,,penaltyShootout,missed,False,Željko Gavrić,879647.0,3.0,2.0,
15679214,,,penaltyShootout,scored,True,Marius Corbu,1108216.0,3.0,2.0,Scored
15679214,,,penaltyShootout,missed,False,Ahmed Nadhir Benbouali,1177807.0,2.0,2.0,
15679214,,,penaltyShootout,missed,True,Lenny Joseph,1010126.0,2.0,2.0,
15679214,,,penaltyShootout,scored,False,Daniel Štefulj,942081.0,2.0,2.0,Scored
15679214,,,penaltyShootout,scored,True,Toon Raemaekers,1006483.0,2.0,1.0,Scored
15679214,,,penaltyShootout,scored,False,Miljan Krpić,1391911.0,1.0,1.0,Scored
15679214,,,penaltyShootout,scored,True,Zsombor Gruber,1108206.0,1.0,0.0,Scored
15679214,,,penaltyShootout,missed,False,Milán Vitális,1098193.0,0.0,0.0,
15679214,,,penaltyShootout,missed,True,Mohammad Abu Fani,836849.0,0.0,0.0,
15679214,120.0,999.0,period,,,,,2.0,2.0,
15679214,120.0,1.0,card,yellow,True,Zsombor Gruber,1108206.0,,,
15679214,119.0,,card,yellow,False,Rajmund Tóth,1434416.0,,,
15679214,106.0,,substitution,regular,True,,,,,
15679214,97.0,,substitution,regular,False,,,,,
15679214,94.0,,substitution,regular,True,,,,,
15679214,91.0,,substitution,regular,True,,,,,
15679214,90.0,999.0,period,,,,,2.0,2.0,
15679214,89.0,,substitution,regular,True,,,,,
15679214,84.0,,substitution,injury,False,,,,,
15679214,77.0,,substitution,regular,False,,,,,
15679214,60.0,,substitution,regular,False,,,,,
15679214,59.0,,substitution,regular,True,,,,,
15679214,59.0,,substitution,regular,True,,,,,
15679214,53.0,,card,yellow,True,Toon Raemaekers,1006483.0,,,
15679214,50.0,,card,yellow,False,Ștefan Vlădoiu,844469.0,,,
15679214,46.0,,substitution,regular,False,,,,,
15679214,46.0,,substitution,regular,False,,,,,
15679214,45.0,999.0,period,,,,,2.0,2.0,
15679214,45.0,3.0,goal,regular,True,Jonathan Levi,858203.0,2.0,2.0,
15679214,45.0,1.0,goal,regular,False,Claudiu Bumba,98535.0,1.0,2.0,
15679214,39.0,,goal,regular,False,Márk Csinger,1012661.0,1.0,1.0,
15679214,17.0,,card,yellow,False,Oleksandr Pyshchur,1563593.0,,,
15679214,15.0,,card,yellow,True,Franko Kovačević,886339.0,,,
15679214,3.0,,goal,regular,True,Franko Kovačević,886339.0,1.0,0.0,
15679215,999.0,999.0,period,,,,,4.0,5.0,
15679215,,,penaltyShootout,scored,False,Alen Skribek,1000287.0,4.0,5.0,Scored
15679215,,,penaltyShootout,scored,True,Ákos Zuigéber,983512.0,4.0,4.0,Scored
15679215,,,penaltyShootout,scored,False,Lucas Alfonso,1653799.0,3.0,4.0,Scored
15679215,,,penaltyShootout,scored,True,Ádám Nyers,1992877.0,3.0,3.0,Scored
15679215,,,penaltyShootout,scored,False,Bence Kiss,859957.0,2.0,3.0,Scored
15679215,,,penaltyShootout,missed,True,Alex Szabó,1087756.0,2.0,2.0,
15679215,,,penaltyShootout,scored,False,Akpe Victory,2051886.0,2.0,2.0,Scored
15679215,,,penaltyShootout,scored,True,Ádam Szamosi,1649447.0,2.0,1.0,Scored
15679215,,,penaltyShootout,scored,False,Norbert Szendrei,936252.0,1.0,1.0,Scored
15679215,,,penaltyShootout,scored,True,Dominik Csontos,1004775.0,1.0,0.0,Scored
15679215,120.0,999.0,period,,,,,2.0,2.0,
15679215,117.0,,substitution,regular,False,,,,,
15679215,111.0,,card,yellow,True,Alex Szabó,1087756.0,,,
15679215,101.0,,goal,regular,True,Ádam Szamosi,1649447.0,2.0,2.0,
15679215,93.0,,goal,regular,False,Lucas Alfonso,1653799.0,1.0,2.0,
15679215,90.0,999.0,period,,,,,1.0,1.0,
15679215,90.0,4.0,card,yellow,False,João Victor,1117051.0,,,
15679215,90.0,3.0,goal,regular,False,João Victor,1117051.0,1.0,1.0,
15679215,89.0,,substitution,regular,True,,,,,
15679215,87.0,,card,yellow,True,Tibor Szabó,1150317.0,,,
15679215,79.0,,substitution,regular,False,,,,,
15679215,74.0,,card,yellow,False,Norbert Szendrei,936252.0,,,
15679215,73.0,,substitution,regular,False,,,,,
15679215,73.0,,substitution,regular,False,,,,,
15679215,70.0,,substitution,regular,True,,,,,
15679215,66.0,,substitution,regular,True,,,,,
15679215,66.0,,substitution,regular,True,,,,,
15679215,56.0,,card,yellow,False,José Calderón,988650.0,,,
15679215,45.0,999.0,period,,,,,1.0,0.0,
15679215,44.0,,goal,regular,True,Branko Pauljević,99978.0,1.0,0.0,
15679215,34.0,,card,yellow,True,Bonifác Csonka,1147994.0,,,
15679215,7.0,,card,yellow,True,Istvan Mark Pekar,1091646.0,,,
