event_id,menu_hint,event_name,event_dt,selection_id,selection_name,win_lose,bsp,ppwap,morningwap,ppmax,ppmin,ipmax,ipmin,morningtradedvol,pptradedvol,iptradedvol
253223595,Albion Park (AUS) 27th Jan,R5 1660m Pace M,27-01-2026 05:56,11151683,1. Mister Hart,0,110.00000000,83.0784,35.6202,100.00,65.00,1.00,1001.00,201.10,63.69,37.13
253223125,Narrogin (AUS) 27th Jan,R4 2242m Pace M,27-01-2026 09:51,84240275,9. By Gee By Jingo,0,55.00000000,58.6374,25.5020,1.00,1001.00,85.00,85.00,113.24,40.47,33.24
253153473,Goulburn (AUS) 27th Jan,R4 1200m CL1,27-01-2026 04:35,94226129,11. Eye For Style,0,30.00000000,25.2097,18.0008,32.00,14.00,1.00,1001.00,2660.35,1841.32,328.62
253153473,Goulburn (AUS) 27th Jan,R4 1200m CL1,27-01-2026 04:35,76814530,12. Aquatempo,0,1000.00000000,569.2429,361.3452,1000.00,240.00,1.00,1001.00,154.79,97.96,19.61
253153464,Goulburn (AUS) 27th Jan,R1 1100m Mdn,27-01-2026 02:50,92160835,3. Entirely Oak,0,15.30420981,11.8766,6.4014,15.50,8.80,1.00,1001.00,4045.53,1603.97,1116.75
253153473,Goulburn (AUS) 27th Jan,R4 1200m CL1,27-01-2026 04:35,93022003,9. Nefradite,0,50.00000000,44.5973,25.4302,50.00,38.00,1.00,1001.00,2007.26,1046.52,418.66
253153476,Goulburn (AUS) 27th Jan,R5 1100m CL3,27-01-2026 05:10,61860833,11. Hold,0,80.00000000,62.7069,37.0351,85.00,36.00,1.00,1001.00,919.03,532.39,157.91
253223121,Narrogin (AUS) 27th Jan,R2 1823m Pace M,27-01-2026 08:47,91496267,2. Chrysostom,0,1.62000000,1.8627,1.7249,2.24,1.58,1000.00,1.59,32695.06,25980.60,3389.05
253221339,Goulburn (AUS) 27th Jan,R6 1710m Pace M,27-01-2026 05:33,94183205,1. Sparkling Bling,0,61.57355595,29.0893,22.8615,80.00,60.00,1.00,1001.00,342.03,256.34,85.69
253223127,Narrogin (AUS) 27th Jan,R5 2242m Pace M,27-01-2026 10:31,51819112,10. Bettor Move Along,0,12.30282354,9.3421,7.5820,10.50,7.80,1.00,1001.00,1241.61,890.21,180.73
253153479,Goulburn (AUS) 27th Jan,R6 1200m Mdn,27-01-2026 05:45,1544765,7. Turf Luck,0,55.00000000,31.8198,23.9800,90.00,21.00,1.00,1001.00,1276.39,907.54,368.85
253223119,Narrogin (AUS) 27th Jan,R1 1823m Pace M,27-01-2026 08:21,94183840,9. Global Ark,0,230.00000000,192.4239,68.1994,230.00,130.00,1.00,1001.00,114.14,38.27,36.74
253221333,Goulburn (AUS) 27th Jan,R4 1710m Pace M,27-01-2026 04:27,27355966,6. Micton Mouse,0,3.35985480,3.5138,2.8953,4.10,3.10,2.00,1.99,5606.82,3566.15,1626.72
253223587,Albion Park (AUS) 27th Jan,R1 2138m Trot S,27-01-2026 03:39,1285414,2. Ignite,0,5.90000000,6.6000,5.0384,8.20,5.60,1.00,1001.00,3068.52,2093.64,332.75
253153479,Goulburn (AUS) 27th Jan,R6 1200m Mdn,27-01-2026 05:45,93574027,2. British Navy,0,21.23121169,14.7822,11.4622,85.00,18.00,1.00,1001.00,2975.11,2221.38,753.73
253223595,Albion Park (AUS) 27th Jan,R5 1660m Pace M,27-01-2026 05:56,40796102,3. Gracenava,0,22.89949516,19.3743,15.7111,21.00,18.50,1.00,1001.00,449.50,282.16,80.34
253223599,Albion Park (AUS) 27th Jan,R7 1660m Pace M,27-01-2026 07:07,55572108,9. Dee Terror,0,6.03853558,4.6667,3.9473,5.00,4.80,5.00,5.00,3907.95,2594.18,831.92
253223587,Albion Park (AUS) 27th Jan,R1 2138m Trot S,27-01-2026 03:39,71868883,5. No Remorse,0,130.00000000,82.6982,54.1287,110.00,65.00,110.00,110.00,236.80,147.25,36.70
253153476,Goulburn (AUS) 27th Jan,R5 1100m CL3,27-01-2026 05:10,70421035,10. Can Expect Greater,0,11.50000000,10.0623,9.2481,14.00,9.20,1.00,1001.00,5490.20,4937.81,552.39
253221324,Goulburn (AUS) 27th Jan,R1 1710m Trot M,27-01-2026 02:34,41654005,1. Maria Theresa,0,31.90784514,25.1873,16.0986,32.00,25.00,1.00,1001.00,461.39,261.43,82.97
253223599,Albion Park (AUS) 27th Jan,R7 1660m Pace M,27-01-2026 07:07,41730228,3. Sii Sempre Tilly,0,12.50000000,11.7603,9.3191,15.00,10.00,1.00,1001.00,2152.66,1574.23,298.20
253221339,Goulburn (AUS) 27th Jan,R6 1710m Pace M,27-01-2026 05:33,94183209,6. Who Is Alan,0,19.50000000,14.8826,12.9225,30.00,19.50,1.00,1001.00,522.60,403.87,118.73
253223593,Albion Park (AUS) 27th Jan,R4 1660m Pace M,27-01-2026 05:17,44064807,9. Candykane,1,19.50000000,19.7393,6.6037,22.00,22.00,1.00,1001.00,946.60,255.45,603.09
253223131,Narrogin (AUS) 27th Jan,R7 1823m Pace M,27-01-2026 11:34,69174937,10. Vybrant,0,41.78360453,38.3958,25.8763,44.00,26.00,1.00,1001.00,20.06,246.00,40.31
253221333,Goulburn (AUS) 27th Jan,R4 1710m Pace M,27-01-2026 04:27,56541073,4. Pencil Me In,1,4.00000000,3.9471,2.3335,1.00,1001.00,3.95,3.95,2772.84,845.34,1456.61
253153482,Goulburn (AUS) 27th Jan,R7 1500m Mdn,27-01-2026 06:20,86306505,13. Shadow Of Light,0,9.60000000,9.2216,8.6136,14.00,9.60,15.00,10.00,4347.12,3754.65,592.47
253223131,Narrogin (AUS) 27th Jan,R7 1823m Pace M,27-01-2026 11:34,57926501,1. My Ultimate Kevvie,0,4.47903476,4.5150,1.0000,4.60,4.60,1.00,1001.00,0.00,1245.33,282.04
253223133,Narrogin (AUS) 27th Jan,R8 1823m Pace M,27-01-2026 12:00,94183851,7. Nowuseemegrin,0,15.00000000,16.4009,1.0000,1.00,1001.00,1.00,1001.00,0.00,190.68,203.47
253223597,Albion Park (AUS) 27th Jan,R6 1660m Pace M,27-01-2026 06:29,43185226,9. Tiger Tommy,0,5.30000000,5.4937,4.6645,6.60,5.10,1.00,1001.00,3809.37,2943.84,345.63
253153473,Goulburn (AUS) 27th Jan,R4 1200m CL1,27-01-2026 04:35,94226125,2. Burnt To A Crisp,0,8.00000000,5.8487,4.7420,7.00,4.30,5.20,5.20,10342.18,7068.72,1185.85
253223597,Albion Park (AUS) 27th Jan,R6 1660m Pace M,27-01-2026 06:29,12858590,4. Sports Bounty,0,11.50000000,13.0198,7.4846,16.00,12.00,1.00,1001.00,1592.49,744.19,494.62
253153476,Goulburn (AUS) 27th Jan,R5 1100m CL3,27-01-2026 05:10,82277905,5. Iowna Benz,0,12.50000000,8.5808,7.8139,13.00,12.00,1.00,1001.00,1732.59,1481.71,250.88
253153467,Goulburn (AUS) 27th Jan,R2 1600m Hcap,27-01-2026 03:25,2832491,8. Strongside,0,4.50886193,4.6346,3.7952,5.30,3.05,6.20,5.60,14353.13,10047.56,1972.02
253221333,Goulburn (AUS) 27th Jan,R4 1710m Pace M,27-01-2026 04:27,57363283,5. Go Colour My World,0,8.60000000,9.0685,6.9570,9.40,8.20,1.00,1001.00,1024.11,651.38,205.06
253223589,Albion Park (AUS) 27th Jan,R2 2138m Pace M,27-01-2026 04:15,56409276,7. Jekamias,0,17.00000000,15.2058,13.8362,20.00,12.00,1.00,1001.00,2120.44,1867.35,104.42
253153473,Goulburn (AUS) 27th Jan,R4 1200m CL1,27-01-2026 04:35,82376047,8. Group Chat,0,9.65107103,8.9181,5.3954,10.50,7.80,1.00,1001.00,5827.33,3163.53,1234.54
253153473,Goulburn (AUS) 27th Jan,R4 1200m CL1,27-01-2026 04:35,80170602,1. Son Of Eureka,0,38.00000000,38.2377,22.6137,44.00,34.00,1.00,1001.00,1802.50,1021.68,316.77
253221339,Goulburn (AUS) 27th Jan,R6 1710m Pace M,27-01-2026 05:33,94183212,10. Mickeys Run,0,5.61873438,4.1528,3.7634,5.10,4.20,1.00,1001.00,2310.93,1696.10,614.83
253221345,Goulburn (AUS) 27th Jan,R8 1710m Pace M,27-01-2026 06:44,17668169,7. Petes Big Jim,0,13.50000000,10.5772,9.8467,13.50,12.50,1.00,1001.00,1071.81,954.87,116.94
253153464,Goulburn (AUS) 27th Jan,R1 1100m Mdn,27-01-2026 02:50,94226118,5. Pride Of Hazel,0,62.17100961,71.4132,33.5762,120.00,55.00,1.00,1001.00,582.73,261.65,126.80
253223131,Narrogin (AUS) 27th Jan,R7 1823m Pace M,27-01-2026 11:34,64751875,2. Briggs On Bond,0,9.40000000,11.2916,10.4995,12.50,9.40,1.00,1001.00,1.90,1524.25,281.42
253223123,Narrogin (AUS) 27th Jan,R3 2242m Pace M,27-01-2026 09:13,76407684,9. Internal Waves,0,26.00000000,11.4110,10.2237,29.00,29.00,1.00,1001.00,546.69,437.87,108.82
253223589,Albion Park (AUS) 27th Jan,R2 2138m Pace M,27-01-2026 04:15,4358056,2. Imani,0,1.75415839,1.8724,1.6975,2.02,1.65,1000.00,1.58,21207.93,13379.15,3484.52
253153473,Goulburn (AUS) 27th Jan,R4 1200m CL1,27-01-2026 04:35,94226128,7. Cloud Of Dust,0,30.00000000,43.4861,24.3520,210.00,29.00,1.00,1001.00,1657.74,895.14,333.20
253221339,Goulburn (AUS) 27th Jan,R6 1710m Pace M,27-01-2026 05:33,94183207,3. Taraess,0,90.00000000,53.0457,45.4074,85.00,70.00,1.00,1001.00,69.87,54.35,15.52
253223125,Narrogin (AUS) 27th Jan,R4 2242m Pace M,27-01-2026 09:51,82644061,1. Agent Andy,0,51.59534112,53.5915,36.3545,65.00,44.00,1.00,1001.00,433.89,289.55,61.41
253221336,Goulburn (AUS) 27th Jan,R5 1710m Pace M,27-01-2026 04:59,45031550,8. Betting Star,0,14.50000000,12.7937,8.7571,12.50,12.00,1.00,1001.00,645.93,385.60,124.11
253153464,Goulburn (AUS) 27th Jan,R1 1100m Mdn,27-01-2026 02:50,5143157,8. Classic Touch,0,3.15000000,3.5623,2.7158,3.90,3.30,1.00,1001.00,10658.68,6758.72,1881.61
253221327,Goulburn (AUS) 27th Jan,R2 1710m Pace M,27-01-2026 03:13,21859522,5. Bettor Be Lucky,0,30.00000000,26.9056,10.4609,27.00,27.00,1.00,1001.00,209.73,59.46,80.21
253223123,Narrogin (AUS) 27th Jan,R3 2242m Pace M,27-01-2026 09:13,54739410,5. Easton Quality,0,7.66428091,6.4124,6.1601,9.40,7.00,1.00,1001.00,1784.30,1375.30,409.00
253221330,Goulburn (AUS) 27th Jan,R3 1710m Pace M,27-01-2026 03:49,60049200,4. My Friend Molly,0,131.45280000,171.0205,87.9224,213.61,139.67,1.00,1001.00,61.18,27.41,13.80
253153479,Goulburn (AUS) 27th Jan,R6 1200m Mdn,27-01-2026 05:45,94226141,11. Conical Net,0,7.80000000,6.0800,5.4611,8.80,6.60,1.00,1001.00,6732.73,5636.72,1096.01
253221324,Goulburn (AUS) 27th Jan,R1 1710m Trot M,27-01-2026 02:34,63648481,9. Itsallandover,0,34.00000000,30.2255,19.5347,38.00,30.00,1.00,1001.00,362.46,205.21,50.53
253223591,Albion Park (AUS) 27th Jan,R3 2138m Pace S,27-01-2026 04:44,86894992,5. Itzbuddha,0,32.00000000,32.3991,10.3769,34.00,34.00,14.00,11.50,626.67,112.61,293.72
253153482,Goulburn (AUS) 27th Jan,R7 1500m Mdn,27-01-2026 06:20,92207205,8. Stormzino,0,90.00000000,59.3431,50.0362,100.00,46.00,1000.00,1000.00,1042.09,861.92,180.17
253223127,Narrogin (AUS) 27th Jan,R5 2242m Pace M,27-01-2026 10:31,63162599,9. Skippin Class,0,8.20000000,9.4034,6.9060,11.00,8.60,1.00,1001.00,2229.18,1438.35,341.38
253221339,Goulburn (AUS) 27th Jan,R6 1710m Pace M,27-01-2026 05:33,94183211,9. Dance Phil,0,390.00000000,117.9413,92.7446,430.00,130.00,1.00,1001.00,66.52,48.73,17.79
253153482,Goulburn (AUS) 27th Jan,R7 1500m Mdn,27-01-2026 06:20,94226148,10. Golden Castel,0,725.36228376,315.2026,251.0410,990.00,190.00,1.00,1001.00,213.17,169.42,43.75
253223123,Narrogin (AUS) 27th Jan,R3 2242m Pace M,27-01-2026 09:13,68685288,6. Cindys Secret,0,84.09519780,30.0298,24.8146,110.00,32.00,1.00,1001.00,254.11,201.38,52.73
253223131,Narrogin (AUS) 27th Jan,R7 1823m Pace M,27-01-2026 11:34,22191615,6. Head Office,0,4.00560720,3.8169,4.8276,4.00,3.40,1.00,1001.00,14.72,2736.98,711.41
253153470,Goulburn (AUS) 27th Jan,R3 1300m CL4,27-01-2026 04:00,94226122,4. Xcessive Force,1,1.48873119,1.3599,1.2859,1.40,1.30,1.45,1.34,36776.92,26583.01,4985.35
253153467,Goulburn (AUS) 27th Jan,R2 1600m Hcap,27-01-2026 03:25,7141640,1. Rico Suave,0,42.00000000,44.2121,21.7436,65.00,38.00,44.00,44.00,1140.68,464.08,290.15
253221345,Goulburn (AUS) 27th Jan,R8 1710m Pace M,27-01-2026 06:44,1194416,8. Refusal,1,3.20000000,2.9303,2.6134,3.40,3.00,1.00,1001.00,7163.29,5693.90,1469.39
253221336,Goulburn (AUS) 27th Jan,R5 1710m Pace M,27-01-2026 04:59,40508777,2. Rainbowsend,0,39.45142831,27.0655,20.8510,34.00,28.00,1.00,1001.00,233.17,153.81,33.57
253221327,Goulburn (AUS) 27th Jan,R2 1710m Pace M,27-01-2026 03:13,36227934,1. Halloween,0,17.00000000,14.3874,9.7241,17.00,12.00,1.00,1001.00,511.75,300.84,91.47
253223127,Narrogin (AUS) 27th Jan,R5 2242m Pace M,27-01-2026 10:31,41945962,2. Im Rockin Rod,0,48.59645155,27.4419,20.0982,38.00,10.50,1.00,1001.00,342.12,215.26,59.42
253221339,Goulburn (AUS) 27th Jan,R6 1710m Pace M,27-01-2026 05:33,94183208,4. Ruffian,0,1.62000000,1.5868,1.6269,2.04,1.62,60.00,1.46,16349.70,12901.99,3447.71
253221336,Goulburn (AUS) 27th Jan,R5 1710m Pace M,27-01-2026 04:59,45303004,5. The Best Of You,0,3.25000000,3.5104,2.9933,5.10,2.86,1.00,1001.00,5872.10,4443.36,647.27
253223595,Albion Park (AUS) 27th Jan,R5 1660m Pace M,27-01-2026 05:56,26610237,8. Jay Tee Tyron,0,7.40000000,9.4454,5.9619,10.50,10.00,1.00,1001.00,1626.23,827.94,390.87
253153473,Goulburn (AUS) 27th Jan,R4 1200m CL1,27-01-2026 04:35,84181753,3. Dubbo Boy,0,5.30000000,4.8008,3.9296,5.40,3.95,1.00,1001.00,9433.57,7008.66,1137.34
253153479,Goulburn (AUS) 27th Jan,R6 1200m Mdn,27-01-2026 05:45,94226139,9. Trust Your Cape,0,263.76492519,103.1550,75.9897,340.00,110.00,200.00,200.00,730.43,525.79,204.64
253221336,Goulburn (AUS) 27th Jan,R5 1710m Pace M,27-01-2026 04:59,69438105,1. Tiger Eupheme,0,27.00000000,24.6684,16.4110,30.00,21.00,1.00,1001.00,358.61,223.14,70.88
253223131,Narrogin (AUS) 27th Jan,R7 1823m Pace M,27-01-2026 11:34,60270185,4. Tempt The Stars,0,24.80397325,22.5772,1.0000,1.00,1001.00,1.00,1001.00,0.00,150.44,67.11
253153467,Goulburn (AUS) 27th Jan,R2 1600m Hcap,27-01-2026 03:25,46836436,4. Hells Itch,0,22.00000000,18.9652,11.8432,21.00,17.50,1.00,1001.00,1965.74,1135.43,345.41
253223119,Narrogin (AUS) 27th Jan,R1 1823m Pace M,27-01-2026 08:21,94183834,1. Rosies Bettor,0,1.57000000,1.4672,1.5155,1.57,1.41,42.00,5.10,21463.39,17050.19,1793.98
253221345,Goulburn (AUS) 27th Jan,R8 1710m Pace M,27-01-2026 06:44,83947537,10. Protagonist,0,9.42552045,7.7617,7.4310,13.00,7.60,1.00,1001.00,3271.61,3004.15,267.46
253153479,Goulburn (AUS) 27th Jan,R6 1200m Mdn,27-01-2026 05:45,681791,6. Sudden Strike,0,79.75564716,45.5074,37.8207,80.00,55.00,50.00,50.00,507.01,405.23,101.78
253221330,Goulburn (AUS) 27th Jan,R3 1710m Pace M,27-01-2026 03:49,94183196,2. Shebettorwatchout,0,102.48016506,78.7305,28.4074,106.81,57.51,1.00,1001.00,213.30,74.59,72.60
253223597,Albion Park (AUS) 27th Jan,R6 1660m Pace M,27-01-2026 06:29,72694536,6. Boston Bronski,1,23.00000000,22.7796,15.2875,25.00,17.50,1.00,1001.00,712.60,433.22,176.28
253153470,Goulburn (AUS) 27th Jan,R3 1300m CL4,27-01-2026 04:00,68348059,7. Outcast Girl,0,42.00000000,41.3874,13.6111,85.00,36.00,1.00,1001.00,761.06,225.73,247.84
253223133,Narrogin (AUS) 27th Jan,R8 1823m Pace M,27-01-2026 12:00,94183849,3. Chevrons Gold,0,10.50000000,12.4943,1.0000,12.00,11.50,1.00,1001.00,0.00,704.86,434.40
253223125,Narrogin (AUS) 27th Jan,R4 2242m Pace M,27-01-2026 09:51,91816153,2. Low Flyin,0,179.04495102,240.2824,131.5377,310.00,180.00,140.00,140.00,78.03,41.36,17.78
253223127,Narrogin (AUS) 27th Jan,R5 2242m Pace M,27-01-2026 10:31,63436714,1. Trinitys Delight,0,2.88287711,2.5154,2.2843,3.00,2.26,1.00,1001.00,9266.88,6940.33,1186.08
253153479,Goulburn (AUS) 27th Jan,R6 1200m Mdn,27-01-2026 05:45,92504465,3. Curado,1,1.83550300,1.6320,1.5097,2.08,1.78,1.00,1001.00,48575.59,37690.03,10885.56
253223597,Albion Park (AUS) 27th Jan,R6 1660m Pace M,27-01-2026 06:29,39967766,1. Warrawee Flyer,0,13.50000000,11.6573,9.5631,14.00,9.80,1.00,1001.00,2074.61,1624.80,195.34
253223133,Narrogin (AUS) 27th Jan,R8 1823m Pace M,27-01-2026 12:00,94183852,9. Okay Darling,0,265.94145585,238.3103,1.0000,250.00,240.00,1.00,1001.00,0.00,11.14,8.03
253223595,Albion Park (AUS) 27th Jan,R5 1660m Pace M,27-01-2026 05:56,40021946,5. Vodka En Ice,0,12.00000000,12.2085,10.4281,15.00,10.50,1.00,1001.00,1650.28,1299.27,180.89
253223119,Narrogin (AUS) 27th Jan,R1 1823m Pace M,27-01-2026 08:21,94183835,2. Southerner,1,11.00000000,11.3919,5.0063,13.00,9.40,1.13,1.13,3872.98,1383.29,2238.43
253221345,Goulburn (AUS) 27th Jan,R8 1710m Pace M,27-01-2026 06:44,94183214,6. Time To Dance,0,16.00000000,12.3842,11.6538,15.00,13.00,1.00,1001.00,823.58,732.89,90.69
253221333,Goulburn (AUS) 27th Jan,R4 1710m Pace M,27-01-2026 04:27,26721526,2. Spring Delight,0,19.78962269,19.0688,12.4962,21.00,19.00,110.00,110.00,462.13,241.86,96.53
253223599,Albion Park (AUS) 27th Jan,R7 1660m Pace M,27-01-2026 07:07,34985093,2. Pocket Book,0,28.00000000,31.6418,24.0819,44.00,25.00,1.00,1001.00,1012.32,708.12,164.95
253223597,Albion Park (AUS) 27th Jan,R6 1660m Pace M,27-01-2026 06:29,32349312,7. Burns Bay,0,41.34752834,36.9103,25.2302,60.00,26.00,1.00,1001.00,1164.46,775.37,128.87
253223587,Albion Park (AUS) 27th Jan,R1 2138m Trot S,27-01-2026 03:39,22845003,7. Natty Pagger,0,7.96022607,7.6160,6.2160,8.80,6.80,1.00,1001.00,2587.27,1970.76,261.83
253221333,Goulburn (AUS) 27th Jan,R4 1710m Pace M,27-01-2026 04:27,51478143,1. Ripstone Snorter,0,9.35398132,7.3382,6.1506,9.20,6.80,1.00,1001.00,1965.98,1410.98,201.72
253153467,Goulburn (AUS) 27th Jan,R2 1600m Hcap,27-01-2026 03:25,66789641,5. Mah Ali,0,8.02400864,7.2451,5.3260,8.20,6.20,1.00,1001.00,6277.24,4155.69,811.54
253223599,Albion Park (AUS) 27th Jan,R7 1660m Pace M,27-01-2026 07:07,43971165,8. My Ultimate Victor,0,14.00000000,13.0576,9.6976,16.00,10.50,11.00,11.00,1823.08,1201.74,289.69
253223589,Albion Park (AUS) 27th Jan,R2 2138m Pace M,27-01-2026 04:15,718946,4. Copperfield,0,7.88044629,8.3847,6.1858,9.00,7.80,1.00,1001.00,1841.00,1163.92,310.84
253223595,Albion Park (AUS) 27th Jan,R5 1660m Pace M,27-01-2026 05:56,40031644,2. Tommy Bligh,0,5.06177344,4.4271,3.8598,5.70,3.85,1.00,1001.00,10563.76,8146.47,1202.86
253221324,Goulburn (AUS) 27th Jan,R1 1710m Trot M,27-01-2026 02:34,58691359,5. Dollys Law,1,2.60000000,2.6055,2.0499,2.80,1.99,1.00,1001.00,5195.58,3199.63,1354.28
253223597,Albion Park (AUS) 27th Jan,R6 1660m Pace M,27-01-2026 06:29,40164917,5. Brian Christopher,0,7.40000000,6.7059,4.8479,7.40,5.90,3.00,3.00,2588.98,1468.71,910.18
253221333,Goulburn (AUS) 27th Jan,R4 1710m Pace M,27-01-2026 04:27,76293096,7. Mickey Be Nimble,0,9.40000000,10.2798,6.3216,1.00,1001.00,1.00,1001.00,1027.07,519.72,209.40
253221327,Goulburn (AUS) 27th Jan,R2 1710m Pace M,27-01-2026 03:13,50581263,6. Parallel,1,2.76098828,2.9773,2.1336,3.10,2.78,1.75,1.05,8864.14,4566.43,2526.57
253153470,Goulburn (AUS) 27th Jan,R3 1300m CL4,27-01-2026 04:00,86932933,3. Goofinator,0,85.00000000,80.3001,31.4185,110.00,60.00,1.00,1001.00,932.97,355.49,270.16
253221336,Goulburn (AUS) 27th Jan,R5 1710m Pace M,27-01-2026 04:59,56127545,4. Caribbean Runa,0,11.50000000,9.6349,7.0240,11.00,7.60,1.00,1001.00,1279.28,848.38,204.47
253223599,Albion Park (AUS) 27th Jan,R7 1660m Pace M,27-01-2026 07:07,45489996,4. Justrollingaround,0,4.93062101,7.1177,5.8125,9.40,4.60,1.00,1001.00,7046.79,5384.94,688.81
253223131,Narrogin (AUS) 27th Jan,R7 1823m Pace M,27-01-2026 11:34,65311328,9. Island Tee Rex,0,5.83403154,6.3919,1.0000,6.40,6.00,1.00,1001.00,0.00,2080.34,232.18
253223131,Narrogin (AUS) 27th Jan,R7 1823m Pace M,27-01-2026 11:34,441660,8. Elephant Rock,0,95.00000000,67.0726,1.0000,85.00,55.00,1.00,1001.00,0.00,109.51,25.87
253223121,Narrogin (AUS) 27th Jan,R2 1823m Pace M,27-01-2026 08:47,84741066,8. Crown General,0,55.00000000,49.6594,29.9011,75.00,60.00,1.00,1001.00,363.96,205.90,64.26
253223595,Albion Park (AUS) 27th Jan,R5 1660m Pace M,27-01-2026 05:56,43379304,7. Jilliby Tsunami,0,7.00000000,8.3475,6.0972,11.50,7.20,29.00,6.00,4345.29,2472.91,1174.04
253223127,Narrogin (AUS) 27th Jan,R5 2242m Pace M,27-01-2026 10:31,39378660,3. I Like What I See,0,320.00000000,197.2432,76.4264,210.00,200.00,1.00,1001.00,56.35,18.00,23.48
253221330,Goulburn (AUS) 27th Jan,R3 1710m Pace M,27-01-2026 03:49,84158676,7. Tried And Trusted,0,20.27857810,15.8878,7.9954,17.25,17.25,1.00,1001.00,304.89,114.54,71.29
253223597,Albion Park (AUS) 27th Jan,R6 1660m Pace M,27-01-2026 06:29,61304526,3. Deep Regret,0,290.00000000,213.8025,131.0791,270.00,150.00,1.00,1001.00,65.92,39.89,12.08
253153482,Goulburn (AUS) 27th Jan,R7 1500m Mdn,27-01-2026 06:20,93022311,4. Lego Master,0,4.22420443,3.8477,3.4776,5.00,4.40,1.00,1001.00,9710.38,8188.81,1521.57
253221324,Goulburn (AUS) 27th Jan,R1 1710m Trot M,27-01-2026 02:34,63572847,8. We Can Have It All,0,6.60000000,6.6503,5.6892,10.00,5.80,1.00,1001.00,2623.83,2078.41,226.52
253223597,Albion Park (AUS) 27th Jan,R6 1660m Pace M,27-01-2026 06:29,41570498,8. Diego Delgado,0,81.31764904,59.1358,37.7535,85.00,46.00,1.00,1001.00,223.88,133.91,25.04
253153467,Goulburn (AUS) 27th Jan,R2 1600m Hcap,27-01-2026 03:25,47267596,10. Great Week,0,1000.00000000,398.4208,289.2652,890.00,90.00,550.00,320.00,260.06,151.16,51.96
253223127,Narrogin (AUS) 27th Jan,R5 2242m Pace M,27-01-2026 10:31,60010474,6. Beach Captain,1,3.10000000,4.0204,2.9141,4.90,3.15,1.00,1001.00,4002.56,2307.04,1123.79
253221330,Goulburn (AUS) 27th Jan,R3 1710m Pace M,27-01-2026 03:49,70140319,8. Angelic Attitude,0,73.89621604,49.8718,25.0090,65.73,39.44,1.00,1001.00,246.28,113.89,39.44
253223123,Narrogin (AUS) 27th Jan,R3 2242m Pace M,27-01-2026 09:13,65311331,1. Ally Rocks,0,19.00000000,16.6500,15.3713,25.00,17.50,1.00,1001.00,1076.29,927.37,148.92
253221339,Goulburn (AUS) 27th Jan,R6 1710m Pace M,27-01-2026 05:33,92786794,5. Taras Temptation,0,23.00000000,16.3985,17.0164,28.00,23.00,120.00,120.00,378.36,304.53,73.83
253223121,Narrogin (AUS) 27th Jan,R2 1823m Pace M,27-01-2026 08:47,87172857,1. Pet Shop Adda,1,4.30000000,3.9819,3.2512,4.70,3.30,1.00,1001.00,8103.25,6004.27,1169.93
253223593,Albion Park (AUS) 27th Jan,R4 1660m Pace M,27-01-2026 05:17,24888250,7. Man Of Action,0,17.24377827,16.7710,14.5166,19.50,13.00,20.00,20.00,1660.98,1249.28,248.88
253153482,Goulburn (AUS) 27th Jan,R7 1500m Mdn,27-01-2026 06:20,91203865,3. Invincible Vecchio,0,75.86693335,49.5219,38.6176,110.00,65.00,1.00,1001.00,873.71,667.52,206.19
253153482,Goulburn (AUS) 27th Jan,R7 1500m Mdn,27-01-2026 06:20,94226150,12. Rockthevelio,0,3.30000000,2.8070,2.6941,3.40,2.88,1000.00,1000.00,19250.32,17065.99,2184.33
253221324,Goulburn (AUS) 27th Jan,R1 1710m Trot M,27-01-2026 02:34,4704509,7. Ivanka,0,11.93878773,10.6916,8.3494,12.50,11.00,50.00,50.00,851.08,485.38,123.71
253223591,Albion Park (AUS) 27th Jan,R3 2138m Pace S,27-01-2026 04:44,38686857,2. Alta Sensation,0,30.00000000,26.6153,18.2446,28.00,21.00,1.00,1001.00,373.76,196.63,80.18
253153476,Goulburn (AUS) 27th Jan,R5 1100m CL3,27-01-2026 05:10,91115449,6. Ischyros,0,16.50000000,14.8859,13.3695,25.00,15.50,1.00,1001.00,2837.17,2456.95,380.22
253223119,Narrogin (AUS) 27th Jan,R1 1823m Pace M,27-01-2026 08:21,94183839,8. Westburn Rockstar,0,14.95944370,14.2881,10.1893,17.00,12.00,1.00,1001.00,924.39,549.25,189.47
253221345,Goulburn (AUS) 27th Jan,R8 1710m Pace M,27-01-2026 06:44,53345655,2. Sunday Mornings,0,22.00000000,14.8808,13.5814,25.00,11.50,1.00,1001.00,1149.06,1011.07,137.99
253223591,Albion Park (AUS) 27th Jan,R3 2138m Pace S,27-01-2026 04:44,43493440,6. Quaddie Vc,1,7.32406729,8.3035,4.6496,9.20,7.60,1.00,1001.00,3096.94,1437.52,1370.32
253223587,Albion Park (AUS) 27th Jan,R1 2138m Trot S,27-01-2026 03:39,40297452,8. Alfie Always,0,24.01904346,20.0812,11.1656,27.00,15.00,1.00,1001.00,774.78,365.01,250.07
253221342,Goulburn (AUS) 27th Jan,R7 2240m Pace M,27-01-2026 06:08,22661381,8. Watch Me React,0,9.11819212,9.7242,7.2812,11.00,9.20,1.00,1001.00,2734.01,1770.70,546.49
253153473,Goulburn (AUS) 27th Jan,R4 1200m CL1,27-01-2026 04:35,83345878,5. Zoutempus,0,38.14631403,45.1975,23.5197,55.00,36.00,1.00,1001.00,1103.36,508.42,224.07
253223599,Albion Park (AUS) 27th Jan,R7 1660m Pace M,27-01-2026 07:07,57697635,10. Sargeant,1,3.65000000,3.6304,3.0057,4.10,3.50,3.70,1.01,11885.69,8390.22,2719.86
253223131,Narrogin (AUS) 27th Jan,R7 1823m Pace M,27-01-2026 11:34,62592194,3. The Whizzer,1,28.64511003,28.2215,1.0000,38.00,24.00,7.80,3.90,0.00,516.20,1509.93
253223589,Albion Park (AUS) 27th Jan,R2 2138m Pace M,27-01-2026 04:15,55142090,1. Bettor Cheer,0,14.00000000,11.7170,10.0973,14.00,9.00,1.00,1001.00,3202.29,2597.48,257.51
253223127,Narrogin (AUS) 27th Jan,R5 2242m Pace M,27-01-2026 10:31,43971459,7. Theycall Me Stooge,0,21.00000000,22.4330,14.0285,27.00,17.50,1.00,1001.00,694.05,396.33,136.37
253221339,Goulburn (AUS) 27th Jan,R6 1710m Pace M,27-01-2026 05:33,94183210,8. Fortuna Stride,1,25.00000000,14.2236,6.3921,30.00,18.50,1.00,1001.00,1250.85,496.37,754.48
253153473,Goulburn (AUS) 27th Jan,R4 1200m CL1,27-01-2026 04:35,93239513,10. Romanticism,1,2.38000000,2.6473,2.1981,3.00,2.46,3.40,2.74,26520.45,17260.05,5661.46
253223591,Albion Park (AUS) 27th Jan,R3 2138m Pace S,27-01-2026 04:44,23053644,7. Send It,0,2.54000000,2.7789,2.4285,3.50,2.38,1.00,1001.00,4878.19,3208.09,1074.45
253153464,Goulburn (AUS) 27th Jan,R1 1100m Mdn,27-01-2026 02:50,69901849,9. Closethedoordarcy,0,32.97795059,31.8971,17.0517,40.00,27.00,1.00,1001.00,2281.01,1162.37,500.86
253223591,Albion Park (AUS) 27th Jan,R3 2138m Pace S,27-01-2026 04:44,42140421,3. Azor Ahai,0,60.00000000,65.6125,45.1201,120.00,25.00,1.00,1001.00,436.86,272.21,79.40
253223119,Narrogin (AUS) 27th Jan,R1 1823m Pace M,27-01-2026 08:21,93279687,6. Tomorrow Man,0,70.00000000,80.6138,24.9893,110.00,55.00,1.00,1001.00,339.25,81.93,141.87
253223599,Albion Park (AUS) 27th Jan,R7 1660m Pace M,27-01-2026 07:07,26790769,7. Rollyarrrz,0,18.50000000,25.8226,10.4203,34.00,19.00,1.00,1001.00,1167.39,417.38,253.39
253153479,Goulburn (AUS) 27th Jan,R6 1200m Mdn,27-01-2026 05:45,94226138,8. Bellarata,0,5.70000000,3.4103,2.7788,6.00,5.30,6.20,6.20,8064.18,5537.43,2526.75
253153467,Goulburn (AUS) 27th Jan,R2 1600m Hcap,27-01-2026 03:25,67222570,7. Okami Star,0,6.20000000,7.4485,4.3676,8.60,6.60,1.00,1001.00,7245.84,3341.66,1959.45
253223119,Narrogin (AUS) 27th Jan,R1 1823m Pace M,27-01-2026 08:21,94183836,3. Hurricane Huski,0,270.00000000,275.9232,131.2007,450.00,170.00,1.00,1001.00,122.07,56.65,27.99
253223593,Albion Park (AUS) 27th Jan,R4 1660m Pace M,27-01-2026 05:17,48414122,6. Lulu Lucifer,0,48.17199796,37.9451,28.3526,55.00,29.00,1.00,1001.00,1227.23,885.12,115.79
253223587,Albion Park (AUS) 27th Jan,R1 2138m Trot S,27-01-2026 03:39,59622610,3. Megaband,0,6.51599308,6.8411,4.9769,7.20,5.80,1.00,1001.00,3142.16,2049.45,340.94
253223119,Narrogin (AUS) 27th Jan,R1 1823m Pace M,27-01-2026 08:21,94183841,10. Deltariffic,0,8.20000000,7.0189,4.9817,7.60,6.40,8.60,8.60,2174.71,1105.57,720.18
253153464,Goulburn (AUS) 27th Jan,R1 1100m Mdn,27-01-2026 02:50,94226116,2. Midnight Moose,1,3.33288979,2.8620,2.3747,3.15,2.22,1.06,1.06,24887.01,18201.62,3592.53
253221330,Goulburn (AUS) 27th Jan,R3 1710m Pace M,27-01-2026 03:49,94183198,3. Tara Jim,0,81.64820187,99.9833,41.2344,139.67,78.05,1.00,1001.00,178.13,71.89,46.04
253221342,Goulburn (AUS) 27th Jan,R7 2240m Pace M,27-01-2026 06:08,73498799,4. Where Back,1,2.82000000,2.8580,2.4970,3.05,2.66,1.00,1001.00,6276.51,4368.04,1477.31
253223119,Narrogin (AUS) 27th Jan,R1 1823m Pace M,27-01-2026 08:21,94183838,7. Nochancenoway,0,409.17271332,1.0000,,1.00,1001.00,1.00,1001.00,30.55,0.00,27.61
253223119,Narrogin (AUS) 27th Jan,R1 1823m Pace M,27-01-2026 08:21,93606379,5. Maxmemate,0,450.90932148,392.7041,154.7100,580.00,310.00,1.00,1001.00,95.56,36.81,27.63
253221336,Goulburn (AUS) 27th Jan,R5 1710m Pace M,27-01-2026 04:59,58423294,3. Mary Mourne,0,5.10000000,4.9504,3.9520,4.60,4.60,1.00,1001.00,1311.44,829.31,224.62
253223593,Albion Park (AUS) 27th Jan,R4 1660m Pace M,27-01-2026 05:17,26696013,1. Magicol Ideal,0,11.00000000,10.3758,8.7894,10.50,10.00,8.80,8.00,1843.47,1368.04,302.20
253221342,Goulburn (AUS) 27th Jan,R7 2240m Pace M,27-01-2026 06:08,94183213,3. Zaynes Tiger,0,12.82430222,11.0934,10.2215,13.50,12.00,130.00,130.00,528.19,289.34,127.53
253153464,Goulburn (AUS) 27th Jan,R1 1100m Mdn,27-01-2026 02:50,53679685,11. Bedouin Bear,0,713.12954526,493.8044,271.7490,890.00,120.00,540.00,500.00,188.07,97.78,30.58
253223133,Narrogin (AUS) 27th Jan,R8 1823m Pace M,27-01-2026 12:00,6055694,8. Splash Of Cash,1,8.60000000,8.1909,1.0000,8.00,8.00,1.00,1001.00,0.00,701.33,1578.48
253221333,Goulburn (AUS) 27th Jan,R4 1710m Pace M,27-01-2026 04:27,39008245,8. Jeffcoate,0,270.00000000,151.6913,100.6372,210.00,130.00,1.00,1001.00,85.81,30.97,10.32
253223121,Narrogin (AUS) 27th Jan,R2 1823m Pace M,27-01-2026 08:47,94183842,4. Mcweeks,0,652.18806053,350.8599,239.2883,760.00,220.00,1.00,1001.00,35.62,23.81,4.98
253223591,Albion Park (AUS) 27th Jan,R3 2138m Pace S,27-01-2026 04:44,64751917,4. Fact Finder,0,4.23124711,3.1956,2.8256,3.65,2.56,2.08,2.08,7350.48,5497.58,1087.34
253223599,Albion Park (AUS) 27th Jan,R7 1660m Pace M,27-01-2026 07:07,28309650,6. Littlelioneljames,0,13.50000000,10.9910,9.7883,14.00,9.00,1.00,1001.00,2882.08,2448.14,215.43
253153476,Goulburn (AUS) 27th Jan,R5 1100m CL3,27-01-2026 05:10,93537325,7. Lets Go Brandon,0,3.65000000,3.5919,3.3082,5.00,3.80,1.00,1001.00,10869.40,9269.28,1600.12
253223587,Albion Park (AUS) 27th Jan,R1 2138m Trot S,27-01-2026 03:39,49040722,1. Phoebe Majestic,1,34.25620130,23.8287,6.4750,60.00,16.00,18.50,1.21,2040.10,438.56,1491.75
253223133,Narrogin (AUS) 27th Jan,R8 1823m Pace M,27-01-2026 12:00,93876648,4. Supreme Rhapsody,0,18.00000000,16.2759,1.0000,1.00,1001.00,1.00,1001.00,0.00,182.23,100.46
253221327,Goulburn (AUS) 27th Jan,R2 1710m Pace M,27-01-2026 03:13,91172037,8. Roses Are Best,0,49.96141969,38.1219,16.1496,42.00,42.00,1.00,1001.00,325.13,55.70,74.23
253223595,Albion Park (AUS) 27th Jan,R5 1660m Pace M,27-01-2026 05:56,2391394,9. La Bomba,0,8.63027629,7.8002,6.5615,8.20,7.00,4.00,4.00,3361.67,2407.89,664.13
253221324,Goulburn (AUS) 27th Jan,R1 1710m Trot M,27-01-2026 02:34,68713422,4. Kennys Son,0,160.00000000,102.8779,35.7724,120.00,95.00,10.50,10.50,153.74,42.26,49.51
253223123,Narrogin (AUS) 27th Jan,R3 2242m Pace M,27-01-2026 09:13,28025056,10. Wahine Toa,0,60.00000000,23.5831,20.2625,60.00,60.00,1.00,1001.00,164.37,134.17,30.20
253221324,Goulburn (AUS) 27th Jan,R1 1710m Trot M,27-01-2026 02:34,93211514,2. Paris Skies,0,370.00000000,290.9293,106.9964,360.00,200.00,1.00,1001.00,56.88,20.42,12.74
253223591,Albion Park (AUS) 27th Jan,R3 2138m Pace S,27-01-2026 04:44,70833735,1. Arkin Wicked,0,8.59168911,7.6678,5.1221,9.20,7.40,1.00,1001.00,1600.40,765.08,339.96
253223587,Albion Park (AUS) 27th Jan,R1 2138m Trot S,27-01-2026 03:39,44620089,6. Crookwell Eyes,0,31.96770934,27.2086,15.9740,29.00,29.00,1.00,1001.00,446.80,240.40,86.74
253153470,Goulburn (AUS) 27th Jan,R3 1300m CL4,27-01-2026 04:00,94226124,9. Deep Emotion,0,8.73317489,7.9459,4.7556,9.00,6.00,1.00,1001.00,3803.54,1927.23,773.28
253223593,Albion Park (AUS) 27th Jan,R4 1660m Pace M,27-01-2026 05:17,50740838,8. Good Word That,0,16.05363369,17.6581,12.8082,21.00,15.00,1.00,1001.00,1401.94,920.62,226.77
253223133,Narrogin (AUS) 27th Jan,R8 1823m Pace M,27-01-2026 12:00,326326,1. Devil Man,0,38.00000000,40.5247,1.0000,42.00,42.00,1.00,1001.00,0.00,35.42,85.25
253153476,Goulburn (AUS) 27th Jan,R5 1100m CL3,27-01-2026 05:10,3074934,3. Sea Admiral,1,5.20000000,3.7975,3.3253,5.30,3.95,1.00,1001.00,9105.49,7302.57,1802.92
253223593,Albion Park (AUS) 27th Jan,R4 1660m Pace M,27-01-2026 05:17,42218529,5. Mullum Doc,0,2.23865931,2.2145,1.8217,3.15,2.06,1.36,1.36,14079.64,8259.35,3145.88
253221330,Goulburn (AUS) 27th Jan,R3 1710m Pace M,27-01-2026 03:49,2166214,9. Capitalism,0,5.58674400,5.7583,5.1693,5.75,5.75,440.00,440.00,1695.77,1048.43,290.16
253153473,Goulburn (AUS) 27th Jan,R4 1200m CL1,27-01-2026 04:35,54704406,13. Odyssey Man,0,614.23462842,539.9909,284.5640,1000.00,280.00,16.00,16.00,224.48,103.11,65.84
253223123,Narrogin (AUS) 27th Jan,R3 2242m Pace M,27-01-2026 09:13,94183847,7. Sugar Boo,0,26.00000000,14.8186,13.4762,27.00,27.00,1.00,1001.00,357.79,283.06,74.73
253223119,Narrogin (AUS) 27th Jan,R1 1823m Pace M,27-01-2026 08:21,94183837,4. Maelstrome,0,320.00000000,273.5732,68.7180,310.00,170.00,1.00,1001.00,89.14,21.09,32.96
253221342,Goulburn (AUS) 27th Jan,R7 2240m Pace M,27-01-2026 06:08,51296183,7. Esther Rising,0,28.21683108,23.3885,14.3033,21.00,21.00,1.00,1001.00,530.62,207.28,75.70
253223133,Narrogin (AUS) 27th Jan,R8 1823m Pace M,27-01-2026 12:00,94183848,2. Bettor Beach Girl,0,1.57346957,1.5889,1.5654,1.70,1.50,1.59,1.53,22.26,11218.35,2835.37
253223131,Narrogin (AUS) 27th Jan,R7 1823m Pace M,27-01-2026 11:34,40701612,5. Pacific Eagle,0,9.72753886,8.2801,1.0000,9.00,7.00,1.00,1001.00,0.00,778.57,134.18
253223125,Narrogin (AUS) 27th Jan,R4 2242m Pace M,27-01-2026 09:51,91798487,10. The Bettor Side,0,2.10905763,2.1277,1.9848,2.28,2.00,4.00,1.66,10328.26,7082.12,2540.32
253223593,Albion Park (AUS) 27th Jan,R4 1660m Pace M,27-01-2026 05:17,57697669,3. Amillionchances,0,8.27510011,10.3199,7.5790,12.50,9.40,1.00,1001.00,2293.73,1538.00,290.55
253153482,Goulburn (AUS) 27th Jan,R7 1500m Mdn,27-01-2026 06:20,2831527,14. Toussaint,1,3.95000000,3.1738,2.9387,3.95,3.10,1.00,1001.00,13960.93,12264.98,1695.95
253223595,Albion Park (AUS) 27th Jan,R5 1660m Pace M,27-01-2026 05:56,46994667,6. La Sabina,1,8.50860721,7.3463,3.6439,7.40,7.40,2.64,2.56,3437.18,1098.14,2062.83
253223125,Narrogin (AUS) 27th Jan,R4 2242m Pace M,27-01-2026 09:51,62819954,5. Sun Publisher,1,2.40000000,2.4971,2.1189,2.90,2.26,2.28,1.07,9375.12,6191.46,2188.99
253223133,Narrogin (AUS) 27th Jan,R8 1823m Pace M,27-01-2026 12:00,67083301,10. Cappy The Firey,0,340.00000000,231.8045,1.0000,230.00,220.00,1.00,1001.00,0.00,11.29,11.32
253223125,Narrogin (AUS) 27th Jan,R4 2242m Pace M,27-01-2026 09:51,90759088,8. Run Bob Run,0,158.29633529,131.3626,68.8208,170.00,110.00,160.00,160.00,186.95,58.92,50.19
253223593,Albion Park (AUS) 27th Jan,R4 1660m Pace M,27-01-2026 05:17,63648476,4. Its One Life,0,10.41765880,9.3237,8.5280,17.00,8.40,100.00,12.50,2209.17,1756.08,227.70
253223123,Narrogin (AUS) 27th Jan,R3 2242m Pace M,27-01-2026 09:13,54451437,4. The Prototype,0,340.00000000,102.1599,78.4590,240.00,200.00,1.00,1001.00,72.80,55.57,17.23
253223597,Albion Park (AUS) 27th Jan,R6 1660m Pace M,27-01-2026 06:29,24706591,10. Much Bettor,0,5.00000000,4.9426,4.2650,5.10,5.10,2.90,2.90,2487.06,1864.42,411.48
253223123,Narrogin (AUS) 27th Jan,R3 2242m Pace M,27-01-2026 09:13,82644071,3. Our Seraphina,0,14.50000000,9.7904,9.0708,14.00,12.50,1.00,1001.00,972.37,820.67,151.70
253153467,Goulburn (AUS) 27th Jan,R2 1600m Hcap,27-01-2026 03:25,94226121,9. Aura,1,4.30000000,4.1955,2.8314,4.40,4.00,1.00,1001.00,9552.11,5111.55,2901.54
253153464,Goulburn (AUS) 27th Jan,R1 1100m Mdn,27-01-2026 02:50,94226115,1. Foursixty Squadron,0,130.00000000,115.3183,44.5238,230.00,70.00,1.00,1001.00,541.23,202.16,138.56
253223127,Narrogin (AUS) 27th Jan,R5 2242m Pace M,27-01-2026 10:31,28551780,8. Gov Starzzz,0,390.00000000,274.5480,146.3945,280.00,200.00,200.00,200.00,59.99,25.74,19.26
253153464,Goulburn (AUS) 27th Jan,R1 1100m Mdn,27-01-2026 02:50,94226117,4. Airfield,0,24.00000000,23.8741,14.7514,29.00,22.00,1.00,1001.00,2684.51,1584.72,480.90
253223593,Albion Park (AUS) 27th Jan,R4 1660m Pace M,27-01-2026 05:17,20261297,2. Rocknroll Da Gama,0,30.00000000,24.7745,16.5576,36.00,23.00,1.00,1001.00,532.47,332.89,88.67
253221345,Goulburn (AUS) 27th Jan,R8 1710m Pace M,27-01-2026 06:44,75653290,5. Duty Of Care,0,4.60000000,4.8158,4.3207,6.00,4.80,1.00,1001.00,3414.94,2679.77,735.17
253223599,Albion Park (AUS) 27th Jan,R7 1660m Pace M,27-01-2026 07:07,54712822,5. Rocktime,0,230.00000000,202.6410,157.9071,370.00,65.00,1.00,1001.00,113.19,87.45,12.97
253153482,Goulburn (AUS) 27th Jan,R7 1500m Mdn,27-01-2026 06:20,94181182,16. Baulkham Hills,0,68.68445093,86.9118,38.6916,140.00,60.00,1.00,1001.00,608.80,261.67,118.31
253153476,Goulburn (AUS) 27th Jan,R5 1100m CL3,27-01-2026 05:10,79767048,4. Ditterich,0,47.53463927,30.6562,25.8225,55.00,38.00,1.00,1001.00,1366.33,1126.61,239.72
253221327,Goulburn (AUS) 27th Jan,R2 1710m Pace M,27-01-2026 03:13,25797099,3. Bently Bullet,0,7.82038909,6.9686,6.3292,7.60,6.20,1.00,1001.00,1573.71,1276.48,105.92
253221324,Goulburn (AUS) 27th Jan,R1 1710m Trot M,27-01-2026 02:34,48920110,6. Tiger Tee,0,11.00000000,9.6639,7.1757,11.50,7.80,1.00,1001.00,1555.76,1086.19,202.98
253221333,Goulburn (AUS) 27th Jan,R4 1710m Pace M,27-01-2026 04:27,9885937,3. Sky City,0,14.50000000,12.4099,9.4743,13.00,12.00,1.00,1001.00,708.11,441.38,114.08
253153467,Goulburn (AUS) 27th Jan,R2 1600m Hcap,27-01-2026 03:25,55533363,6. Ohtani,0,5.77126062,5.6124,4.3636,6.00,5.20,1.00,1001.00,6006.46,4086.24,878.02
253221336,Goulburn (AUS) 27th Jan,R5 1710m Pace M,27-01-2026 04:59,71620727,6. Chrissy Eve,0,28.00000000,21.5224,11.8098,19.50,19.50,1.00,1001.00,359.08,122.29,94.80
253223125,Narrogin (AUS) 27th Jan,R4 2242m Pace M,27-01-2026 09:51,91125726,7. Seminole Junior,0,23.75370603,23.6393,19.6919,28.00,21.00,95.00,95.00,1038.53,816.52,84.07
253153470,Goulburn (AUS) 27th Jan,R3 1300m CL4,27-01-2026 04:00,64762958,1. Iconic Treasure,0,16.40057116,14.5602,9.9302,17.00,10.00,10.50,10.50,2981.24,1806.79,574.94
253223123,Narrogin (AUS) 27th Jan,R3 2242m Pace M,27-01-2026 09:13,62403308,8. Taxi It Is,1,1.54587962,1.4958,1.4303,1.62,1.48,1.30,1.30,18526.66,15416.30,3110.36
253221345,Goulburn (AUS) 27th Jan,R8 1710m Pace M,27-01-2026 06:44,27973243,3. Surf Ace,0,13.00000000,9.2859,8.8866,13.00,8.60,1.00,1001.00,2147.30,1999.78,147.52
253223599,Albion Park (AUS) 27th Jan,R7 1660m Pace M,27-01-2026 07:07,87424322,1. Dooo Dont Think,0,20.24739118,16.6079,13.1199,20.00,14.50,1.00,1001.00,951.23,691.09,118.55
253223589,Albion Park (AUS) 27th Jan,R2 2138m Pace M,27-01-2026 04:15,13320206,6. War Club,0,70.00000000,57.8783,40.6717,85.00,42.00,1.00,1001.00,417.86,280.52,60.54
253221324,Goulburn (AUS) 27th Jan,R1 1710m Trot M,27-01-2026 02:34,44995587,3. One Pinevale Hill,0,18.89620828,15.9135,9.1019,16.00,14.00,1.00,1001.00,470.48,196.71,92.86
253223587,Albion Park (AUS) 27th Jan,R1 2138m Trot S,27-01-2026 03:39,47817317,10. Instant Delight,0,22.63846960,23.2429,15.5852,27.00,16.50,1.00,1001.00,1135.69,723.75,201.70
253223121,Narrogin (AUS) 27th Jan,R2 1823m Pace M,27-01-2026 08:47,94183843,5. Hes Formidable,0,330.00000000,252.6917,165.8735,370.00,150.00,1.00,1001.00,55.58,35.32,9.90
253153464,Goulburn (AUS) 27th Jan,R1 1100m Mdn,27-01-2026 02:50,80972420,7. Cherry Jubilee,0,8.00000000,7.5510,4.9375,10.00,6.60,1.00,1001.00,4711.14,2565.28,861.50
253223125,Narrogin (AUS) 27th Jan,R4 2242m Pace M,27-01-2026 09:51,81814008,4. Ginnivan,0,80.00000000,65.5645,42.6088,95.00,55.00,1.00,1001.00,318.56,200.60,55.70
253221342,Goulburn (AUS) 27th Jan,R7 2240m Pace M,27-01-2026 06:08,80720774,2. Meant To Be Sloy,0,6.20000000,6.0898,4.6728,5.80,5.80,1.00,1001.00,1215.81,655.73,235.43
253223133,Narrogin (AUS) 27th Jan,R8 1823m Pace M,27-01-2026 12:00,70934357,5. Midwife Calling,0,410.95158566,246.0212,1.0000,290.00,220.00,1.00,1001.00,0.00,12.80,8.71
253153482,Goulburn (AUS) 27th Jan,R7 1500m Mdn,27-01-2026 06:20,94226149,11. Ivy Princess,0,30.27784709,28.0051,22.0314,150.00,30.00,1.00,1001.00,1237.46,949.31,288.15
253223587,Albion Park (AUS) 27th Jan,R1 2138m Trot S,27-01-2026 03:39,24128272,9. Flash Kyvalley,0,5.12097701,5.5170,7.2512,6.00,4.90,48.00,20.00,4131.92,2969.04,550.00
253153470,Goulburn (AUS) 27th Jan,R3 1300m CL4,27-01-2026 04:00,3971508,10. Rangatira,0,473.41972546,625.6805,184.2037,900.00,100.00,900.00,900.00,394.13,110.59,105.81
253221327,Goulburn (AUS) 27th Jan,R2 1710m Pace M,27-01-2026 03:13,68828620,7. Tristar For Chris,0,26.46095113,20.4975,14.8352,23.00,16.50,1.00,1001.00,494.69,266.88,61.68
253223123,Narrogin (AUS) 27th Jan,R3 2242m Pace M,27-01-2026 09:13,94183846,2. Rubys Romance,0,145.00963963,89.8041,79.9291,160.00,60.00,1.00,1001.00,177.80,156.09,21.71
253221342,Goulburn (AUS) 27th Jan,R7 2240m Pace M,27-01-2026 06:08,83379809,1. Iloveacalendergirl,0,9.40000000,7.5037,5.8756,8.40,7.20,1.00,1001.00,1982.06,1235.14,314.03
253153479,Goulburn (AUS) 27th Jan,R6 1200m Mdn,27-01-2026 05:45,94226144,14. Zouqua,0,14.50000000,7.8928,6.1208,15.50,13.00,1.00,1001.00,2725.21,1956.32,768.89
253223127,Narrogin (AUS) 27th Jan,R5 2242m Pace M,27-01-2026 10:31,59365519,5. Synchronizer,0,26.00000000,23.0560,15.3894,23.00,23.00,15.50,15.50,460.53,264.90,101.57
253221342,Goulburn (AUS) 27th Jan,R7 2240m Pace M,27-01-2026 06:08,45541401,6. Always Be Brendan,0,7.24818666,7.8024,6.3803,7.60,7.00,1.00,1001.00,1646.68,1121.84,196.00
253223127,Narrogin (AUS) 27th Jan,R5 2242m Pace M,27-01-2026 10:31,57412281,4. Heavy Metal Hammer,0,25.00000000,21.0219,15.5481,19.00,19.00,1.00,1001.00,402.08,263.57,68.39
253153482,Goulburn (AUS) 27th Jan,R7 1500m Mdn,27-01-2026 06:20,94226147,9. Canjustify,0,25.76501181,21.2738,17.2757,50.00,26.00,1.00,1001.00,1963.98,1558.91,405.07
253223597,Albion Park (AUS) 27th Jan,R6 1660m Pace M,27-01-2026 06:29,56685518,2. Hatties Jewel,0,3.75703719,4.0701,3.7109,4.40,3.60,3.55,3.20,6220.16,5073.75,742.74
253221327,Goulburn (AUS) 27th Jan,R2 1710m Pace M,27-01-2026 03:13,28036870,2. Brookessmartdancer,0,18.30876670,15.5319,8.2616,17.00,14.00,1.00,1001.00,436.81,169.11,74.41
253223587,Albion Park (AUS) 27th Jan,R1 2138m Trot S,27-01-2026 03:39,55747425,4. Voltain,0,3.79012653,4.2772,3.6365,8.20,3.90,6.40,6.40,4159.50,2884.79,545.68
253153482,Goulburn (AUS) 27th Jan,R7 1500m Mdn,27-01-2026 06:20,2390534,15. Big Bertha,0,317.54731948,135.3819,109.1131,340.00,50.00,1.00,1001.00,335.82,267.90,67.92
253153467,Goulburn (AUS) 27th Jan,R2 1600m Hcap,27-01-2026 03:25,66580132,2. Brazil,0,22.00000000,19.8455,8.8849,23.00,19.00,15.00,15.00,1826.33,647.53,535.41
253221345,Goulburn (AUS) 27th Jan,R8 1710m Pace M,27-01-2026 06:44,66019299,1. Major Allegiance,0,95.92149151,44.5582,36.3339,220.00,95.00,1.00,1001.00,271.12,216.27,54.85
253221324,Goulburn (AUS) 27th Jan,R1 1710m Trot M,27-01-2026 02:34,72879368,10. Ewing,0,6.80000000,6.7570,4.6489,6.80,6.80,1.00,1001.00,1034.35,564.97,218.39
253153470,Goulburn (AUS) 27th Jan,R3 1300m CL4,27-01-2026 04:00,2943459,8. Star Legacy,0,20.75711573,26.3898,15.0019,80.00,21.00,1.00,1001.00,1654.13,878.82,357.13
253223595,Albion Park (AUS) 27th Jan,R5 1660m Pace M,27-01-2026 05:56,43549355,4. Beau Steele,0,7.80000000,7.2303,6.3338,8.40,6.60,1.00,1001.00,1738.13,1333.05,192.42
253223121,Narrogin (AUS) 27th Jan,R2 1823m Pace M,27-01-2026 08:47,87511321,9. Valamaki,0,580.65292572,331.0590,244.8311,510.00,160.00,1.00,1001.00,48.99,29.53,5.78
253221339,Goulburn (AUS) 27th Jan,R6 1710m Pace M,27-01-2026 05:33,94183206,2. Artistic Galaxy,0,18.50000000,12.3008,10.0166,19.00,14.50,1.00,1001.00,1095.91,750.79,345.12
253221336,Goulburn (AUS) 27th Jan,R5 1710m Pace M,27-01-2026 04:59,41509551,7. Oursurfinsafari,1,4.33603070,4.2200,2.6474,4.40,4.20,1.00,1001.00,3290.09,1607.06,1405.16
253221330,Goulburn (AUS) 27th Jan,R3 1710m Pace M,27-01-2026 03:49,88769850,6. Our Girl Echo,0,34.56458166,34.2187,12.6727,1.00,1001.00,1.00,1001.00,234.58,74.68,87.98
253223589,Albion Park (AUS) 27th Jan,R2 2138m Pace M,27-01-2026 04:15,77429719,5. Ohana Dancer,1,7.79401847,8.7695,3.7411,9.00,8.60,1.00,1001.00,4130.82,1333.89,2167.48
253221345,Goulburn (AUS) 27th Jan,R8 1710m Pace M,27-01-2026 06:44,60569452,4. Ark Alert,0,36.00000000,27.6107,23.9587,42.00,30.00,1.00,1001.00,559.29,473.63,85.66
253221327,Goulburn (AUS) 27th Jan,R2 1710m Pace M,27-01-2026 03:13,68752061,4. Hesaa Lister,0,3.31646759,3.3708,2.3207,3.65,3.65,1.00,1001.00,3654.99,1399.65,888.97
253223125,Narrogin (AUS) 27th Jan,R4 2242m Pace M,27-01-2026 09:51,69685746,6. Striking A Deal,0,44.00000000,32.6498,16.4903,44.00,15.50,1.00,1001.00,445.93,198.90,107.39
253153479,Goulburn (AUS) 27th Jan,R6 1200m Mdn,27-01-2026 05:45,94226140,10. Better Bloom,0,65.00000000,42.8733,34.9490,90.00,50.00,85.00,85.00,1344.32,1062.30,282.02
253223133,Narrogin (AUS) 27th Jan,R8 1823m Pace M,27-01-2026 12:00,94183850,6. Stay Sober,0,85.00000000,75.8521,1.0000,80.00,80.00,1.00,1001.00,0.00,30.26,26.39
253223589,Albion Park (AUS) 27th Jan,R2 2138m Pace M,27-01-2026 04:15,27356287,3. Captain Nemo,0,16.71410357,13.1333,10.0792,15.00,9.40,1.00,1001.00,929.99,629.60,148.44
253223125,Narrogin (AUS) 27th Jan,R4 2242m Pace M,27-01-2026 09:51,9137774,3. Southern Rock,0,84.95690700,89.5269,44.6660,120.00,80.00,1.00,1001.00,95.15,45.04,22.46
253223121,Narrogin (AUS) 27th Jan,R2 1823m Pace M,27-01-2026 08:47,94183845,7. Shoobees Bomb,0,280.00000000,200.9050,116.3084,260.00,140.00,130.00,50.00,99.12,52.12,25.16
253153476,Goulburn (AUS) 27th Jan,R5 1100m CL3,27-01-2026 05:10,72379109,9. Zielle,0,14.85692229,11.8431,11.0169,17.50,11.00,1.00,1001.00,2881.50,2606.30,275.20
253221330,Goulburn (AUS) 27th Jan,R3 1710m Pace M,27-01-2026 03:49,94183194,1. Sapphire Boy,0,23.00000000,1.0000,,1.00,1001.00,1.00,1001.00,91.71,0.00,76.74
253153476,Goulburn (AUS) 27th Jan,R5 1100m CL3,27-01-2026 05:10,94226131,8. Stormfield,0,5.80150374,3.9624,3.8669,5.30,4.70,7.00,6.00,6107.33,5132.00,975.33
253221330,Goulburn (AUS) 27th Jan,R3 1710m Pace M,27-01-2026 03:49,83081387,5. Slyx,1,1.14508961,1.1749,1.0839,1.19,1.13,1.00,1001.00,14198.44,4803.85,4333.65
253223131,Narrogin (AUS) 27th Jan,R7 1823m Pace M,27-01-2026 11:34,90255216,7. The Ultimate Beach,0,19.42257806,15.4171,1.0000,18.00,15.00,1.00,1001.00,0.00,419.00,78.41
253223121,Narrogin (AUS) 27th Jan,R2 1823m Pace M,27-01-2026 08:47,94183844,6. One For Haitch,0,200.00000000,132.9901,77.0314,170.00,110.00,1.00,1001.00,97.17,54.19,16.85
253221345,Goulburn (AUS) 27th Jan,R8 1710m Pace M,27-01-2026 06:44,3991722,9. Sneak A Peek,0,20.00000000,14.2810,13.2957,19.50,11.50,1.00,1001.00,1886.67,1726.76,159.91
253221339,Goulburn (AUS) 27th Jan,R6 1710m Pace M,27-01-2026 05:33,93498402,7. Draxon,0,25.00000000,15.7905,11.5434,1.00,1001.00,1.00,1001.00,672.70,438.47,234.23
253223121,Narrogin (AUS) 27th Jan,R2 1823m Pace M,27-01-2026 08:47,91110271,3. Shericka,0,7.18469644,5.5928,5.2596,7.00,5.10,44.00,36.00,3601.19,2774.30,419.50
253153476,Goulburn (AUS) 27th Jan,R5 1100m CL3,27-01-2026 05:10,51636135,2. Cyclone Rupert,0,56.12298799,48.3106,38.5619,95.00,48.00,50.00,50.00,713.88,551.43,162.45
253153473,Goulburn (AUS) 27th Jan,R4 1200m CL1,27-01-2026 04:35,94226127,6. Kool Kade,0,65.00000000,43.2436,31.4659,60.00,30.00,1.00,1001.00,2189.62,1505.77,297.10
253153464,Goulburn (AUS) 27th Jan,R1 1100m Mdn,27-01-2026 02:50,94226119,10. Thegirlfromprague,0,12.50000000,14.5351,9.5618,22.00,11.00,1.00,1001.00,2495.22,1531.95,445.76
