Date,home_team,away_team,home_odds,away_odds
2025-06-23,Oklahoma City Thunder,Indiana Pacers,1.37,3.16
2025-06-20,Indiana Pacers,Oklahoma City Thunder,2.8,1.46
2025-06-17,Oklahoma City Thunder,Indiana Pacers,1.25,4.03
2025-06-14,Indiana Pacers,Oklahoma City Thunder,2.9,1.43
2025-06-12,Indiana Pacers,Oklahoma City Thunder,2.77,1.46
2025-06-09,Oklahoma City Thunder,Indiana Pacers,1.17,5.21
2025-06-06,Oklahoma City Thunder,Indiana Pacers,1.21,4.6
2025-06-01,Indiana Pacers,New York Knicks,1.56,2.47
2025-05-30,New York Knicks,Indiana Pacers,1.54,2.52
2025-05-29,Oklahoma City Thunder,Minnesota Timberwolves,1.26,3.97
2025-05-28,Indiana Pacers,New York Knicks,1.65,2.28
2025-05-27,Minnesota Timberwolves,Oklahoma City Thunder,2.28,1.66
2025-05-26,Indiana Pacers,New York Knicks,1.77,2.26
2025-05-25,Minnesota Timberwolves,Oklahoma City Thunder,2.24,1.68
2025-05-24,New York Knicks,Indiana Pacers,1.41,3.02
2025-05-23,Oklahoma City Thunder,Minnesota Timberwolves,1.3,3.64
2025-05-22,New York Knicks,Indiana Pacers,1.53,2.55
2025-05-21,Oklahoma City Thunder,Minnesota Timberwolves,1.35,3.3
2025-05-18,Oklahoma City Thunder,Denver Nuggets,1.3,3.59
2025-05-17,New York Knicks,Boston Celtics,1.68,2.23
2025-05-16,Denver Nuggets,Oklahoma City Thunder,2.63,1.51
2025-05-15,Minnesota Timberwolves,Golden State Warriors,1.23,4.35
2025-05-15,Boston Celtics,New York Knicks,1.5,2.62
2025-05-14,Oklahoma City Thunder,Denver Nuggets,1.23,4.32
2025-05-14,Cleveland Cavaliers,Indiana Pacers,1.29,3.71
2025-05-13,Golden State Warriors,Minnesota Timberwolves,2.64,1.51
2025-05-13,New York Knicks,Boston Celtics,2.95,1.42
2025-05-12,Indiana Pacers,Cleveland Cavaliers,2.82,1.45
2025-05-11,Denver Nuggets,Oklahoma City Thunder,3.17,1.38
2025-05-11,Golden State Warriors,Minnesota Timberwolves,2.95,1.42
2025-05-10,New York Knicks,Boston Celtics,3.02,1.4
2025-05-10,Denver Nuggets,Oklahoma City Thunder,3.01,1.4
2025-05-10,Indiana Pacers,Cleveland Cavaliers,2.7,1.49
2025-05-09,Minnesota Timberwolves,Golden State Warriors,1.19,4.93
2025-05-08,Oklahoma City Thunder,Denver Nuggets,1.2,4.69
2025-05-08,Boston Celtics,New York Knicks,1.19,4.8
2025-05-07,Minnesota Timberwolves,Golden State Warriors,1.41,3.0
2025-05-07,Cleveland Cavaliers,Indiana Pacers,1.39,3.13
2025-05-06,Oklahoma City Thunder,Denver Nuggets,1.21,4.62
2025-05-06,Boston Celtics,New York Knicks,1.25,4.07
2025-05-05,Houston Rockets,Golden State Warriors,1.73,2.16
2025-05-05,Cleveland Cavaliers,Indiana Pacers,1.26,3.95
2025-05-04,Denver Nuggets,LA Clippers,1.82,2.03
2025-05-03,Golden State Warriors,Houston Rockets,1.42,2.96
2025-05-02,LA Clippers,Denver Nuggets,1.4,3.05
2025-05-02,Detroit Pistons,New York Knicks,1.82,2.02
2025-05-01,Los Angeles Lakers,Minnesota Timberwolves,1.4,3.06
2025-05-01,Houston Rockets,Golden State Warriors,1.54,2.54
2025-04-30,Denver Nuggets,LA Clippers,2.11,1.75
2025-04-30,Boston Celtics,Orlando Magic,1.14,5.74
2025-04-30,New York Knicks,Detroit Pistons,1.44,2.82
2025-04-30,Indiana Pacers,Milwaukee Bucks,1.27,3.9
2025-04-29,Golden State Warriors,Houston Rockets,1.59,2.41
2025-04-29,Miami Heat,Cleveland Cavaliers,3.87,1.27
2025-04-28,Milwaukee Bucks,Indiana Pacers,1.56,2.49
2025-04-28,Orlando Magic,Boston Celtics,3.68,1.29
2025-04-27,Minnesota Timberwolves,Los Angeles Lakers,1.7,2.2
2025-04-27,Detroit Pistons,New York Knicks,1.72,2.17
2025-04-27,Golden State Warriors,Houston Rockets,1.75,2.13
2025-04-27,LA Clippers,Denver Nuggets,1.37,3.19
2025-04-26,Memphis Grizzlies,Oklahoma City Thunder,8.28,1.08
2025-04-26,Miami Heat,Cleveland Cavaliers,2.7,1.49
2025-04-26,Minnesota Timberwolves,Los Angeles Lakers,1.58,2.44
2025-04-26,Milwaukee Bucks,Indiana Pacers,1.5,2.68
2025-04-26,Orlando Magic,Boston Celtics,2.9,1.43
2025-04-25,LA Clippers,Denver Nuggets,1.44,2.86
2025-04-25,Memphis Grizzlies,Oklahoma City Thunder,4.3,1.23
2025-04-25,Detroit Pistons,New York Knicks,2.05,1.8
2025-04-24,Houston Rockets,Golden State Warriors,1.57,2.47
2025-04-24,Cleveland Cavaliers,Miami Heat,1.15,5.62
2025-04-24,Boston Celtics,Orlando Magic,1.19,4.79
2025-04-23,Los Angeles Lakers,Minnesota Timberwolves,1.4,3.03
2025-04-23,Oklahoma City Thunder,Memphis Grizzlies,1.09,7.6
2025-04-23,Indiana Pacers,Milwaukee Bucks,1.55,2.5
2025-04-22,Denver Nuggets,LA Clippers,1.92,1.93
2025-04-22,New York Knicks,Detroit Pistons,1.37,3.18
2025-04-21,Houston Rockets,Golden State Warriors,1.81,2.05
2025-04-21,Cleveland Cavaliers,Miami Heat,1.13,6.22
2025-04-20,Boston Celtics,Orlando Magic,1.12,6.44
2025-04-20,Oklahoma City Thunder,Memphis Grizzlies,1.11,7.03
2025-04-20,Los Angeles Lakers,Minnesota Timberwolves,1.5,2.66
2025-04-20,New York Knicks,Detroit Pistons,1.34,3.34
2025-04-19,Denver Nuggets,LA Clippers,1.68,2.24
2025-04-19,Indiana Pacers,Milwaukee Bucks,1.42,2.95
2025-04-19,Memphis Grizzlies,Dallas Mavericks,1.42,2.95
2025-04-19,Atlanta Hawks,Miami Heat,2.13,1.75
2025-04-17,Sacramento Kings,Dallas Mavericks,1.41,2.99
2025-04-17,Chicago Bulls,Miami Heat,1.78,2.09
2025-04-16,Golden State Warriors,Memphis Grizzlies,1.35,3.27
2025-04-16,Orlando Magic,Atlanta Hawks,1.42,2.95
2025-04-13,Golden State Warriors,LA Clippers,1.6,2.41
2025-04-13,Houston Rockets,Denver Nuggets,2.99,1.42
2025-04-13,Memphis Grizzlies,Dallas Mavericks,2.09,1.77
2025-04-13,Minnesota Timberwolves,Utah Jazz,1.02,18.19
2025-04-13,New Orleans Pelicans,Oklahoma City Thunder,6.14,1.13
2025-04-13,Portland Trail Blazers,Los Angeles Lakers,1.44,2.88
2025-04-13,Sacramento Kings,Phoenix Suns,1.11,7.24
2025-04-13,San Antonio Spurs,Toronto Raptors,1.55,2.54
2025-04-13,Atlanta Hawks,Orlando Magic,2.34,1.63
2025-04-13,Boston Celtics,Charlotte Hornets,1.2,4.73
2025-04-13,Brooklyn Nets,New York Knicks,2.65,1.51
2025-04-13,Cleveland Cavaliers,Indiana Pacers,3.11,1.39
2025-04-13,Miami Heat,Washington Wizards,1.28,3.79
2025-04-13,Milwaukee Bucks,Detroit Pistons,4.07,1.25
2025-04-13,Philadelphia 76ers,Chicago Bulls,3.79,1.28
2025-04-12,Los Angeles Lakers,Houston Rockets,1.11,6.95
2025-04-12,Phoenix Suns,San Antonio Spurs,1.49,2.72
2025-04-12,Portland Trail Blazers,Golden State Warriors,8.17,1.08
2025-04-12,Sacramento Kings,LA Clippers,3.22,1.37
2025-04-12,Utah Jazz,Oklahoma City Thunder,4.06,1.26
2025-04-12,Denver Nuggets,Memphis Grizzlies,1.34,3.34
2025-04-12,Minnesota Timberwolves,Brooklyn Nets,1.03,15.66
2025-04-12,Dallas Mavericks,Toronto Raptors,1.17,5.26
2025-04-12,Chicago Bulls,Washington Wizards,1.11,7.19
2025-04-12,New Orleans Pelicans,Miami Heat,8.13,1.09
2025-04-12,Boston Celtics,Charlotte Hornets,1.03,13.54
2025-04-12,New York Knicks,Cleveland Cavaliers,1.66,2.28
2025-04-12,Detroit Pistons,Milwaukee Bucks,1.54,2.53
2025-04-12,Indiana Pacers,Orlando Magic,1.62,2.34
2025-04-12,Philadelphia 76ers,Atlanta Hawks,5.45,1.16
2025-04-11,Memphis Grizzlies,Minnesota Timberwolves,2.14,1.75
2025-04-11,Milwaukee Bucks,New Orleans Pelicans,1.07,8.9
2025-04-11,Brooklyn Nets,Atlanta Hawks,6.81,1.11
2025-04-11,Detroit Pistons,New York Knicks,1.6,2.39
2025-04-11,Indiana Pacers,Cleveland Cavaliers,1.22,4.39
2025-04-10,LA Clippers,Houston Rockets,1.19,4.75
2025-04-10,Golden State Warriors,San Antonio Spurs,1.06,10.18
2025-04-10,Phoenix Suns,Oklahoma City Thunder,3.31,1.35
2025-04-10,Sacramento Kings,Denver Nuggets,2.58,1.53
2025-04-10,Utah Jazz,Portland Trail Blazers,3.12,1.38
2025-04-10,Chicago Bulls,Miami Heat,2.13,1.75
2025-04-10,Dallas Mavericks,Los Angeles Lakers,2.61,1.51
2025-04-10,Toronto Raptors,Charlotte Hornets,1.18,5.06
2025-04-10,Orlando Magic,Boston Celtics,1.29,3.65
2025-04-10,Washington Wizards,Philadelphia 76ers,2.23,1.68
2025-04-09,LA Clippers,San Antonio Spurs,1.12,6.34
2025-04-09,Phoenix Suns,Golden State Warriors,4.38,1.23
2025-04-09,Milwaukee Bucks,Minnesota Timberwolves,2.87,1.43
2025-04-09,Oklahoma City Thunder,Los Angeles Lakers,1.25,4.02
2025-04-09,Brooklyn Nets,New Orleans Pelicans,1.8,2.04
2025-04-09,New York Knicks,Boston Celtics,2.14,1.74
2025-04-09,Charlotte Hornets,Memphis Grizzlies,7.62,1.08
2025-04-09,Cleveland Cavaliers,Chicago Bulls,1.08,7.75
2025-04-09,Indiana Pacers,Washington Wizards,1.03,12.23
2025-04-09,Orlando Magic,Atlanta Hawks,1.5,2.64
2025-04-08,Miami Heat,Philadelphia 76ers,1.14,5.75
2025-04-08,Detroit Pistons,Sacramento Kings,1.44,2.8
2025-04-07,Golden State Warriors,Houston Rockets,1.46,2.78
2025-04-07,New Orleans Pelicans,Milwaukee Bucks,2.98,1.41
2025-04-07,Denver Nuggets,Indiana Pacers,1.41,3.01
2025-04-07,New York Knicks,Phoenix Suns,1.24,4.11
2025-04-07,Atlanta Hawks,Utah Jazz,1.11,6.83
2025-04-07,Boston Celtics,Washington Wizards,1.05,11.8
2025-04-07,Cleveland Cavaliers,Sacramento Kings,1.24,4.21
2025-04-07,Portland Trail Blazers,San Antonio Spurs,1.61,2.4
2025-04-06,Brooklyn Nets,Toronto Raptors,2.17,1.73
2025-04-06,Oklahoma City Thunder,Los Angeles Lakers,1.26,4.01
2025-04-06,Charlotte Hornets,Chicago Bulls,3.94,1.27
2025-04-06,LA Clippers,Dallas Mavericks,1.25,4.08
2025-04-06,Miami Heat,Milwaukee Bucks,1.95,1.91
2025-04-06,Detroit Pistons,Memphis Grizzlies,2.11,1.78
2025-04-06,Philadelphia 76ers,Minnesota Timberwolves,9.29,1.07
2025-04-05,Atlanta Hawks,New York Knicks,2.06,1.81
2025-04-05,LA Clippers,Dallas Mavericks,1.15,5.68
2025-04-05,Los Angeles Lakers,New Orleans Pelicans,1.08,8.86
2025-04-05,Golden State Warriors,Denver Nuggets,1.68,2.26
2025-04-05,Chicago Bulls,Portland Trail Blazers,1.39,3.09
2025-04-05,Houston Rockets,Oklahoma City Thunder,2.89,1.43
2025-04-05,San Antonio Spurs,Cleveland Cavaliers,6.25,1.13
2025-04-05,Boston Celtics,Phoenix Suns,1.08,7.85
2025-04-05,Toronto Raptors,Detroit Pistons,4.64,1.2
2025-04-05,Charlotte Hornets,Sacramento Kings,5.28,1.17
2025-04-05,Indiana Pacers,Utah Jazz,1.05,10.87
2025-04-04,Los Angeles Lakers,Golden State Warriors,1.87,1.97
2025-04-04,Brooklyn Nets,Minnesota Timberwolves,7.16,1.1
2025-04-04,Miami Heat,Memphis Grizzlies,2.76,1.46
2025-04-04,Toronto Raptors,Portland Trail Blazers,2.58,1.52
2025-04-04,Philadelphia 76ers,Milwaukee Bucks,5.58,1.15
2025-04-04,Washington Wizards,Orlando Magic,9.08,1.07
2025-04-03,LA Clippers,New Orleans Pelicans,1.04,12.32
2025-04-03,Oklahoma City Thunder,Detroit Pistons,1.12,6.58
2025-04-03,Denver Nuggets,San Antonio Spurs,1.72,2.18
2025-04-03,Dallas Mavericks,Atlanta Hawks,1.61,2.37
2025-04-03,Houston Rockets,Utah Jazz,1.07,9.01
2025-04-03,Boston Celtics,Miami Heat,1.2,4.76
2025-04-03,Cleveland Cavaliers,New York Knicks,1.19,4.84
2025-04-03,Indiana Pacers,Charlotte Hornets,1.08,8.24
2025-04-03,Washington Wizards,Sacramento Kings,6.66,1.11
2025-04-02,Denver Nuggets,Minnesota Timberwolves,1.79,2.08
2025-04-02,Chicago Bulls,Toronto Raptors,1.58,2.43
2025-04-02,Memphis Grizzlies,Golden State Warriors,2.43,1.58
2025-04-02,San Antonio Spurs,Orlando Magic,2.7,1.49
2025-04-02,Atlanta Hawks,Portland Trail Blazers,1.44,2.84
2025-04-02,Milwaukee Bucks,Phoenix Suns,1.37,3.15
2025-04-02,New York Knicks,Philadelphia 76ers,1.11,6.86
2025-04-01,Los Angeles Lakers,Houston Rockets,1.55,2.52
2025-04-01,Dallas Mavericks,Brooklyn Nets,1.22,4.43
2025-04-01,Oklahoma City Thunder,Chicago Bulls,1.08,8.07
2025-04-01,Memphis Grizzlies,Boston Celtics,2.53,1.55
2025-04-01,Charlotte Hornets,Utah Jazz,1.56,2.49
2025-04-01,Indiana Pacers,Sacramento Kings,1.57,2.44
2025-04-01,Orlando Magic,LA Clippers,2.25,1.67
2025-04-01,Washington Wizards,Miami Heat,4.28,1.23
2025-03-31,Phoenix Suns,Houston Rockets,2.15,1.75
2025-03-31,Philadelphia 76ers,Toronto Raptors,3.0,1.41
2025-03-31,Milwaukee Bucks,Atlanta Hawks,1.56,2.48
2025-03-31,Minnesota Timberwolves,Detroit Pistons,1.35,3.3
2025-03-31,New Orleans Pelicans,Charlotte Hornets,1.71,2.19
2025-03-31,San Antonio Spurs,Golden State Warriors,5.41,1.16
2025-03-31,New York Knicks,Portland Trail Blazers,1.34,3.39
2025-03-30,Cleveland Cavaliers,LA Clippers,1.37,3.24
2025-03-30,Chicago Bulls,Dallas Mavericks,1.71,2.19
2025-03-30,Memphis Grizzlies,Los Angeles Lakers,1.79,2.09
2025-03-30,Oklahoma City Thunder,Indiana Pacers,1.27,3.91
2025-03-30,San Antonio Spurs,Boston Celtics,6.09,1.13
2025-03-30,Philadelphia 76ers,Miami Heat,3.68,1.29
2025-03-30,Washington Wizards,Brooklyn Nets,1.76,2.11
2025-03-29,Orlando Magic,Sacramento Kings,1.89,1.96
2025-03-29,Denver Nuggets,Utah Jazz,1.04,12.72
2025-03-29,Milwaukee Bucks,New York Knicks,1.85,2.02
2025-03-29,Minnesota Timberwolves,Phoenix Suns,1.32,3.5
2025-03-29,New Orleans Pelicans,Golden State Warriors,8.79,1.07
2025-03-29,Brooklyn Nets,LA Clippers,6.45,1.12
2025-03-29,Toronto Raptors,Charlotte Hornets,1.43,2.9
2025-03-29,Detroit Pistons,Cleveland Cavaliers,3.11,1.39
2025-03-28,Sacramento Kings,Portland Trail Blazers,1.41,2.96
2025-03-28,Utah Jazz,Houston Rockets,6.58,1.12
2025-03-28,Chicago Bulls,Los Angeles Lakers,2.44,1.58
2025-03-28,Oklahoma City Thunder,Memphis Grizzlies,1.19,4.94
2025-03-28,Miami Heat,Atlanta Hawks,1.82,2.03
2025-03-28,Cleveland Cavaliers,San Antonio Spurs,1.1,7.12
2025-03-28,Orlando Magic,Dallas Mavericks,1.39,3.09
2025-03-28,Washington Wizards,Indiana Pacers,6.22,1.13
2025-03-27,Phoenix Suns,Boston Celtics,2.7,1.48
2025-03-27,Denver Nuggets,Milwaukee Bucks,1.17,5.17
2025-03-27,Brooklyn Nets,Toronto Raptors,1.72,2.17
2025-03-27,Indiana Pacers,Los Angeles Lakers,1.98,1.87
2025-03-27,New York Knicks,LA Clippers,2.56,1.53
2025-03-27,Philadelphia 76ers,Washington Wizards,1.68,2.25
2025-03-26,Portland Trail Blazers,Cleveland Cavaliers,3.09,1.39
2025-03-26,Sacramento Kings,Oklahoma City Thunder,3.89,1.27
2025-03-26,Utah Jazz,Memphis Grizzlies,5.08,1.18
2025-03-26,Houston Rockets,Atlanta Hawks,1.31,3.56
2025-03-26,Miami Heat,Golden State Warriors,2.53,1.55
2025-03-26,New York Knicks,Dallas Mavericks,1.18,5.06
2025-03-26,Charlotte Hornets,Orlando Magic,2.64,1.51
2025-03-26,Detroit Pistons,San Antonio Spurs,1.26,3.98
2025-03-25,Phoenix Suns,Milwaukee Bucks,1.66,2.29
2025-03-25,Sacramento Kings,Boston Celtics,2.63,1.51
2025-03-25,Denver Nuggets,Chicago Bulls,1.71,2.21
2025-03-25,New Orleans Pelicans,Philadelphia 76ers,1.66,2.29
2025-03-25,Brooklyn Nets,Dallas Mavericks,2.33,1.64
2025-03-25,Indiana Pacers,Minnesota Timberwolves,2.0,1.85
2025-03-25,Orlando Magic,Los Angeles Lakers,2.47,1.57
2025-03-25,Washington Wizards,Toronto Raptors,1.75,2.13
2025-03-24,LA Clippers,Oklahoma City Thunder,2.02,1.84
2025-03-24,Houston Rockets,Denver Nuggets,1.34,3.37
2025-03-23,Atlanta Hawks,Philadelphia 76ers,1.2,4.69
2025-03-23,Miami Heat,Charlotte Hornets,1.35,3.27
2025-03-23,Portland Trail Blazers,Boston Celtics,3.11,1.39
2025-03-23,Toronto Raptors,San Antonio Spurs,1.91,1.94
2025-03-23,Utah Jazz,Cleveland Cavaliers,10.01,1.07
2025-03-23,Detroit Pistons,New Orleans Pelicans,1.14,6.11
2025-03-23,Los Angeles Lakers,Chicago Bulls,1.2,4.76
2025-03-23,Sacramento Kings,Milwaukee Bucks,1.83,2.03
2025-03-23,New York Knicks,Washington Wizards,1.08,8.47
2025-03-23,Atlanta Hawks,Golden State Warriors,2.19,1.72
2025-03-22,Indiana Pacers,Brooklyn Nets,1.14,5.98
2025-03-22,LA Clippers,Memphis Grizzlies,1.39,3.1
2025-03-22,Phoenix Suns,Cleveland Cavaliers,3.76,1.29
2025-03-22,Portland Trail Blazers,Denver Nuggets,2.04,1.82
2025-03-22,Utah Jazz,Boston Celtics,7.91,1.08
2025-03-22,Dallas Mavericks,Detroit Pistons,4.14,1.25
2025-03-22,Miami Heat,Houston Rockets,2.55,1.53
2025-03-22,Minnesota Timberwolves,New Orleans Pelicans,1.07,8.51
2025-03-22,Oklahoma City Thunder,Charlotte Hornets,1.04,12.83
2025-03-22,San Antonio Spurs,Philadelphia 76ers,1.44,2.84
2025-03-22,Washington Wizards,Orlando Magic,3.75,1.28
2025-03-21,Los Angeles Lakers,Milwaukee Bucks,3.59,1.31
2025-03-21,Golden State Warriors,Toronto Raptors,1.09,7.64
2025-03-21,Sacramento Kings,Chicago Bulls,1.34,3.39
2025-03-21,Charlotte Hornets,New York Knicks,3.45,1.33
2025-03-21,Indiana Pacers,Brooklyn Nets,1.3,3.64
2025-03-20,Los Angeles Lakers,Denver Nuggets,1.48,2.73
2025-03-20,Phoenix Suns,Chicago Bulls,1.45,2.8
2025-03-20,Portland Trail Blazers,Memphis Grizzlies,2.53,1.54
2025-03-20,Sacramento Kings,Cleveland Cavaliers,3.09,1.39
2025-03-20,Utah Jazz,Washington Wizards,1.71,2.19
2025-03-20,Minnesota Timberwolves,New Orleans Pelicans,1.12,6.5
2025-03-20,Oklahoma City Thunder,Philadelphia 76ers,1.16,5.39
2025-03-20,San Antonio Spurs,New York Knicks,3.86,1.27
2025-03-20,Miami Heat,Detroit Pistons,2.64,1.51
2025-03-20,Indiana Pacers,Dallas Mavericks,1.19,4.79
2025-03-20,Orlando Magic,Houston Rockets,2.14,1.74
2025-03-19,LA Clippers,Cleveland Cavaliers,2.16,1.74
2025-03-19,Golden State Warriors,Milwaukee Bucks,2.09,1.78
2025-03-19,Boston Celtics,Brooklyn Nets,1.13,6.41
2025-03-19,Charlotte Hornets,Atlanta Hawks,3.63,1.3
2025-03-18,Los Angeles Lakers,San Antonio Spurs,1.25,4.17
2025-03-18,Golden State Warriors,Denver Nuggets,1.17,5.18
2025-03-18,Phoenix Suns,Toronto Raptors,1.26,4.1
2025-03-18,Portland Trail Blazers,Washington Wizards,1.43,2.93
2025-03-18,Sacramento Kings,Memphis Grizzlies,1.7,2.24
2025-03-18,Utah Jazz,Chicago Bulls,2.59,1.53
2025-03-18,Houston Rockets,Philadelphia 76ers,1.06,10.29
2025-03-18,Minnesota Timberwolves,Indiana Pacers,1.18,5.03
2025-03-18,New Orleans Pelicans,Detroit Pistons,3.08,1.4
2025-03-18,New York Knicks,Miami Heat,1.36,3.29
2025-03-17,Milwaukee Bucks,Oklahoma City Thunder,2.77,1.47
2025-03-17,LA Clippers,Charlotte Hornets,1.12,6.4
2025-03-17,Minnesota Timberwolves,Utah Jazz,1.11,7.08
2025-03-16,Brooklyn Nets,Atlanta Hawks,2.95,1.43
2025-03-16,Portland Trail Blazers,Toronto Raptors,1.36,3.31
2025-03-16,Los Angeles Lakers,Phoenix Suns,1.73,2.17
2025-03-16,Cleveland Cavaliers,Orlando Magic,1.2,4.83
2025-03-16,Dallas Mavericks,Philadelphia 76ers,1.38,3.18
2025-03-16,Denver Nuggets,Washington Wizards,1.14,6.13
2025-03-16,Golden State Warriors,New York Knicks,1.39,3.14
2025-03-16,San Antonio Spurs,New Orleans Pelicans,2.05,1.83
2025-03-16,Houston Rockets,Chicago Bulls,1.29,3.76
2025-03-16,Memphis Grizzlies,Miami Heat,1.43,2.96
2025-03-16,Milwaukee Bucks,Indiana Pacers,1.6,2.41
2025-03-16,Detroit Pistons,Oklahoma City Thunder,2.49,1.57
2025-03-15,Brooklyn Nets,Boston Celtics,5.21,1.18
2025-03-15,Phoenix Suns,Sacramento Kings,1.77,2.1
2025-03-15,Denver Nuggets,Los Angeles Lakers,1.09,7.91
2025-03-15,Utah Jazz,Toronto Raptors,1.8,2.06
2025-03-15,Houston Rockets,Dallas Mavericks,1.15,5.64
2025-03-15,Memphis Grizzlies,Cleveland Cavaliers,2.13,1.76
2025-03-15,Minnesota Timberwolves,Orlando Magic,1.18,5.05
2025-03-15,San Antonio Spurs,Charlotte Hornets,1.72,2.18
2025-03-15,Atlanta Hawks,LA Clippers,2.68,1.5
2025-03-15,Miami Heat,Boston Celtics,3.55,1.32
2025-03-15,Philadelphia 76ers,Indiana Pacers,6.93,1.11
2025-03-14,Golden State Warriors,Sacramento Kings,1.35,3.36
2025-03-14,Chicago Bulls,Brooklyn Nets,1.82,2.04
2025-03-14,New Orleans Pelicans,Orlando Magic,2.09,1.78
2025-03-14,Milwaukee Bucks,Los Angeles Lakers,1.42,2.98
2025-03-14,Detroit Pistons,Washington Wizards,1.13,6.57
2025-03-13,Denver Nuggets,Minnesota Timberwolves,1.78,2.11
2025-03-13,Portland Trail Blazers,New York Knicks,2.43,1.6
2025-03-13,Houston Rockets,Phoenix Suns,1.55,2.53
2025-03-13,Memphis Grizzlies,Utah Jazz,1.21,4.69
2025-03-13,Miami Heat,LA Clippers,1.8,2.08
2025-03-13,San Antonio Spurs,Dallas Mavericks,1.42,2.98
2025-03-13,Atlanta Hawks,Charlotte Hornets,1.34,3.42
2025-03-13,Boston Celtics,Oklahoma City Thunder,1.68,2.27
2025-03-13,Toronto Raptors,Philadelphia 76ers,1.69,2.24
2025-03-12,New Orleans Pelicans,LA Clippers,3.52,1.33
2025-03-12,Indiana Pacers,Milwaukee Bucks,1.92,1.93
2025-03-12,Cleveland Cavaliers,Brooklyn Nets,1.1,7.89
2025-03-12,Detroit Pistons,Washington Wizards,1.1,7.77
2025-03-11,Sacramento Kings,New York Knicks,2.05,1.82
2025-03-11,Golden State Warriors,Portland Trail Blazers,1.15,5.79
2025-03-11,San Antonio Spurs,Dallas Mavericks,1.39,3.14
2025-03-11,Chicago Bulls,Indiana Pacers,2.45,1.59
2025-03-11,Houston Rockets,Orlando Magic,1.65,2.32
2025-03-11,Memphis Grizzlies,Phoenix Suns,1.69,2.23
2025-03-11,Oklahoma City Thunder,Denver Nuggets,1.27,4.02
2025-03-11,Atlanta Hawks,Philadelphia 76ers,1.23,4.35
2025-03-11,Boston Celtics,Utah Jazz,1.08,8.86
2025-03-11,Brooklyn Nets,Los Angeles Lakers,2.83,1.46
2025-03-11,Miami Heat,Charlotte Hornets,1.25,4.17
2025-03-11,Toronto Raptors,Washington Wizards,1.37,3.22
2025-03-10,LA Clippers,Sacramento Kings,1.41,3.02
2025-03-10,Portland Trail Blazers,Detroit Pistons,2.41,1.6
2025-03-10,Milwaukee Bucks,Cleveland Cavaliers,3.25,1.37
2025-03-10,Minnesota Timberwolves,San Antonio Spurs,1.18,5.09
2025-03-10,Philadelphia 76ers,Utah Jazz,1.4,3.07
2025-03-10,New Orleans Pelicans,Memphis Grizzlies,4.53,1.22
2025-03-09,Dallas Mavericks,Phoenix Suns,3.21,1.37
2025-03-09,Oklahoma City Thunder,Denver Nuggets,1.34,3.43
2025-03-09,Boston Celtics,Los Angeles Lakers,1.42,2.97
2025-03-09,Golden State Warriors,Detroit Pistons,1.5,2.69
2025-03-09,Miami Heat,Chicago Bulls,1.51,2.67
2025-03-09,Milwaukee Bucks,Orlando Magic,1.38,3.17
2025-03-09,Atlanta Hawks,Indiana Pacers,1.96,1.89
2025-03-09,Toronto Raptors,Washington Wizards,1.57,2.49
2025-03-09,Houston Rockets,New Orleans Pelicans,1.35,3.33
2025-03-09,Charlotte Hornets,Brooklyn Nets,2.82,1.46
2025-03-08,LA Clippers,New York Knicks,1.4,3.06
2025-03-08,Denver Nuggets,Phoenix Suns,1.26,4.05
2025-03-08,Sacramento Kings,San Antonio Spurs,1.4,3.08
2025-03-08,Miami Heat,Minnesota Timberwolves,2.34,1.64
2025-03-08,Oklahoma City Thunder,Portland Trail Blazers,1.8,2.06
2025-03-08,Dallas Mavericks,Memphis Grizzlies,4.46,1.22
2025-03-08,Toronto Raptors,Utah Jazz,1.46,2.8
2025-03-08,Charlotte Hornets,Cleveland Cavaliers,9.11,1.07
2025-03-07,Los Angeles Lakers,New York Knicks,1.71,2.21
2025-03-07,New Orleans Pelicans,Houston Rockets,2.35,1.63
2025-03-07,Atlanta Hawks,Indiana Pacers,1.83,2.03
2025-03-07,Boston Celtics,Philadelphia 76ers,1.11,7.41
2025-03-07,Brooklyn Nets,Golden State Warriors,5.11,1.18
2025-03-07,Orlando Magic,Chicago Bulls,1.31,3.6
2025-03-06,LA Clippers,Detroit Pistons,2.33,1.64
2025-03-06,Memphis Grizzlies,Oklahoma City Thunder,3.26,1.36
2025-03-06,Denver Nuggets,Sacramento Kings,1.29,3.79
2025-03-06,Milwaukee Bucks,Dallas Mavericks,1.15,5.84
2025-03-06,Boston Celtics,Portland Trail Blazers,1.26,4.07
2025-03-06,Charlotte Hornets,Minnesota Timberwolves,3.98,1.27
2025-03-06,Cleveland Cavaliers,Miami Heat,1.12,6.69
2025-03-06,Washington Wizards,Utah Jazz,1.48,2.73
2025-03-05,Los Angeles Lakers,New Orleans Pelicans,1.31,3.61
2025-03-05,Phoenix Suns,LA Clippers,2.22,1.7
2025-03-05,San Antonio Spurs,Brooklyn Nets,1.63,2.36
2025-03-05,Chicago Bulls,Cleveland Cavaliers,6.56,1.13
2025-03-05,Minnesota Timberwolves,Philadelphia 76ers,1.12,6.89
2025-03-05,Atlanta Hawks,Milwaukee Bucks,2.74,1.49
2025-03-05,New York Knicks,Golden State Warriors,1.86,2.0
2025-03-05,Indiana Pacers,Houston Rockets,1.56,2.52
2025-03-05,Orlando Magic,Toronto Raptors,1.4,3.1
2025-03-04,Utah Jazz,Detroit Pistons,4.72,1.21
2025-03-04,Dallas Mavericks,Sacramento Kings,2.1,1.78
2025-03-04,Memphis Grizzlies,Atlanta Hawks,1.32,3.51
2025-03-04,Oklahoma City Thunder,Houston Rockets,1.1,7.78
2025-03-04,Miami Heat,Washington Wizards,1.29,3.81
2025-03-04,Charlotte Hornets,Golden State Warriors,6.32,1.13
2025-03-04,Philadelphia 76ers,Portland Trail Blazers,2.02,1.84
2025-03-03,Los Angeles Lakers,LA Clippers,2.15,1.75
2025-03-03,Phoenix Suns,Minnesota Timberwolves,2.01,1.85
2025-03-03,Utah Jazz,New Orleans Pelicans,3.35,1.35
2025-03-03,San Antonio Spurs,Oklahoma City Thunder,6.81,1.12
2025-03-03,Miami Heat,New York Knicks,2.99,1.42
2025-03-03,Orlando Magic,Toronto Raptors,1.38,3.19
2025-03-02,Indiana Pacers,Chicago Bulls,1.18,5.09
2025-03-02,Cleveland Cavaliers,Portland Trail Blazers,1.2,4.85
2025-03-02,Boston Celtics,Denver Nuggets,1.45,2.85
2025-03-02,Dallas Mavericks,Milwaukee Bucks,2.25,1.69
2025-03-02,Philadelphia 76ers,Golden State Warriors,3.11,1.39
2025-03-02,Houston Rockets,Sacramento Kings,1.56,2.51
2025-03-02,Memphis Grizzlies,San Antonio Spurs,1.47,2.78
2025-03-02,Detroit Pistons,Brooklyn Nets,1.15,5.84
2025-03-02,Charlotte Hornets,Washington Wizards,1.59,2.44
2025-03-01,Los Angeles Lakers,LA Clippers,1.86,1.98
2025-03-01,Utah Jazz,Minnesota Timberwolves,2.43,1.6
2025-03-01,Phoenix Suns,New Orleans Pelicans,1.25,4.19
2025-03-01,Chicago Bulls,Toronto Raptors,1.87,1.99
2025-03-01,Memphis Grizzlies,New York Knicks,1.74,2.17
2025-03-01,Miami Heat,Indiana Pacers,2.24,1.69
2025-03-01,Atlanta Hawks,Oklahoma City Thunder,5.04,1.18
2025-03-01,Boston Celtics,Cleveland Cavaliers,1.85,2.0
2025-03-01,Brooklyn Nets,Portland Trail Blazers,2.03,1.83
2025-03-01,Detroit Pistons,Denver Nuggets,1.79,2.09
2025-02-28,Los Angeles Lakers,Minnesota Timberwolves,1.43,2.95
2025-02-28,Phoenix Suns,New Orleans Pelicans,1.38,3.13
2025-02-28,Dallas Mavericks,Charlotte Hornets,1.18,5.06
2025-02-28,Milwaukee Bucks,Denver Nuggets,2.32,1.65
2025-02-28,Orlando Magic,Golden State Warriors,2.61,1.52
2025-02-27,Houston Rockets,San Antonio Spurs,1.32,3.58
2025-02-27,Utah Jazz,Sacramento Kings,4.08,1.26
2025-02-27,Chicago Bulls,LA Clippers,4.07,1.25
2025-02-27,Brooklyn Nets,Oklahoma City Thunder,9.58,1.07
2025-02-27,Miami Heat,Atlanta Hawks,1.67,2.26
2025-02-27,Detroit Pistons,Boston Celtics,2.55,1.54
2025-02-27,Indiana Pacers,Toronto Raptors,1.16,5.57
2025-02-27,New York Knicks,Philadelphia 76ers,1.26,4.11
2025-02-27,Washington Wizards,Portland Trail Blazers,2.96,1.42
2025-02-26,Golden State Warriors,Charlotte Hornets,1.06,9.92
2025-02-26,Los Angeles Lakers,Dallas Mavericks,1.25,4.09
2025-02-26,Houston Rockets,Milwaukee Bucks,1.68,2.25
2025-02-26,Memphis Grizzlies,Phoenix Suns,1.39,3.12
2025-02-26,New Orleans Pelicans,San Antonio Spurs,1.72,2.17
2025-02-26,Orlando Magic,Cleveland Cavaliers,3.09,1.39
2025-02-26,Toronto Raptors,Boston Celtics,5.2,1.17
2025-02-25,Sacramento Kings,Charlotte Hornets,1.18,5.02
2025-02-25,Utah Jazz,Portland Trail Blazers,3.33,1.35
2025-02-25,Oklahoma City Thunder,Minnesota Timberwolves,1.16,5.58
2025-02-25,Atlanta Hawks,Miami Heat,1.77,2.11
2025-02-25,Detroit Pistons,LA Clippers,1.69,2.23
2025-02-25,Indiana Pacers,Denver Nuggets,2.38,1.61
2025-02-25,Philadelphia 76ers,Chicago Bulls,1.43,2.92
2025-02-25,Washington Wizards,Brooklyn Nets,2.23,1.69
2025-02-24,Minnesota Timberwolves,Oklahoma City Thunder,3.93,1.27
2025-02-24,Cleveland Cavaliers,Memphis Grizzlies,1.44,2.89
2025-02-24,New Orleans Pelicans,San Antonio Spurs,1.78,2.1
2025-02-24,Atlanta Hawks,Detroit Pistons,2.12,1.77
2025-02-24,Milwaukee Bucks,Miami Heat,1.56,2.5
2025-02-24,Orlando Magic,Washington Wizards,1.12,6.62
2025-02-24,Toronto Raptors,Phoenix Suns,2.24,1.69
2025-02-23,Indiana Pacers,LA Clippers,1.6,2.41
2025-02-23,Golden State Warriors,Dallas Mavericks,1.26,4.08
2025-02-23,Boston Celtics,New York Knicks,1.33,3.5
2025-02-23,Portland Trail Blazers,Charlotte Hornets,1.47,2.77
2025-02-23,Utah Jazz,Houston Rockets,3.6,1.31
2025-02-23,Denver Nuggets,Los Angeles Lakers,1.41,3.03
2025-02-23,Philadelphia 76ers,Brooklyn Nets,1.18,5.06
2025-02-22,Chicago Bulls,Phoenix Suns,2.67,1.5
2025-02-22,Sacramento Kings,Golden State Warriors,2.11,1.77
2025-02-22,Houston Rockets,Minnesota Timberwolves,1.59,2.44
2025-02-22,Utah Jazz,Oklahoma City Thunder,8.23,1.08
2025-02-22,Dallas Mavericks,New Orleans Pelicans,1.45,2.83
2025-02-22,San Antonio Spurs,Detroit Pistons,2.51,1.56
2025-02-22,Toronto Raptors,Miami Heat,2.36,1.63
2025-02-22,Cleveland Cavaliers,New York Knicks,1.35,3.31
2025-02-22,Orlando Magic,Memphis Grizzlies,2.09,1.78
2025-02-22,Washington Wizards,Milwaukee Bucks,2.72,1.48
2025-02-21,Portland Trail Blazers,Los Angeles Lakers,2.22,1.7
2025-02-21,San Antonio Spurs,Phoenix Suns,2.19,1.71
2025-02-21,Denver Nuggets,Charlotte Hornets,1.05,11.57
2025-02-21,Milwaukee Bucks,LA Clippers,1.99,1.87
2025-02-21,Atlanta Hawks,Orlando Magic,1.97,1.87
2025-02-21,Brooklyn Nets,Cleveland Cavaliers,6.18,1.13
2025-02-21,New York Knicks,Chicago Bulls,1.21,4.77
2025-02-21,Indiana Pacers,Memphis Grizzlies,1.98,1.86
2025-02-21,Philadelphia 76ers,Boston Celtics,3.08,1.39
2025-02-20,Los Angeles Lakers,Charlotte Hornets,1.12,6.5
2025-02-17,Chuck’s Global Stars,Shaq’s OGs,1.72,2.13
2025-02-17,Shaq’s OGs,Candace’s Rising Stars,1.18,4.71
2025-02-17,Chuck’s Global Stars,Kenny’s Young Stars,1.55,2.44
2025-02-14,Utah Jazz,LA Clippers,4.33,1.24
2025-02-14,Dallas Mavericks,Miami Heat,2.27,1.67
2025-02-14,Minnesota Timberwolves,Oklahoma City Thunder,4.33,1.24
2025-02-14,Houston Rockets,Golden State Warriors,1.99,1.87
2025-02-14,New Orleans Pelicans,Sacramento Kings,3.71,1.3
2025-02-13,LA Clippers,Memphis Grizzlies,1.41,3.03
2025-02-13,Dallas Mavericks,Golden State Warriors,3.63,1.3
2025-02-13,Denver Nuggets,Portland Trail Blazers,1.25,4.16
2025-02-13,Utah Jazz,Los Angeles Lakers,4.13,1.25
2025-02-13,Houston Rockets,Phoenix Suns,1.25,4.22
2025-02-13,Chicago Bulls,Detroit Pistons,2.92,1.43
2025-02-13,Minnesota Timberwolves,Milwaukee Bucks,1.25,4.1
2025-02-13,New Orleans Pelicans,Sacramento Kings,2.87,1.44
2025-02-13,Oklahoma City Thunder,Miami Heat,1.11,6.98
2025-02-13,Brooklyn Nets,Philadelphia 76ers,1.8,2.04
2025-02-13,New York Knicks,Atlanta Hawks,1.32,3.52
2025-02-13,Toronto Raptors,Cleveland Cavaliers,6.48,1.13
2025-02-13,Boston Celtics,San Antonio Spurs,1.31,3.55
2025-02-13,Orlando Magic,Charlotte Hornets,1.13,6.22
2025-02-13,Washington Wizards,Indiana Pacers,4.39,1.23
2025-02-12,Phoenix Suns,Memphis Grizzlies,2.45,1.58
2025-02-12,Chicago Bulls,Detroit Pistons,2.65,1.5
2025-02-12,Indiana Pacers,New York Knicks,2.15,1.74
2025-02-12,Philadelphia 76ers,Toronto Raptors,1.18,5.05
2025-02-11,Los Angeles Lakers,Utah Jazz,1.14,6.16
2025-02-11,Denver Nuggets,Portland Trail Blazers,1.23,4.31
2025-02-11,Dallas Mavericks,Sacramento Kings,2.03,1.82
2025-02-11,Milwaukee Bucks,Golden State Warriors,3.15,1.38
2025-02-11,Oklahoma City Thunder,New Orleans Pelicans,1.06,10.45
2025-02-11,Brooklyn Nets,Charlotte Hornets,1.5,2.68
2025-02-11,Miami Heat,Boston Celtics,3.52,1.33
2025-02-11,Cleveland Cavaliers,Minnesota Timberwolves,1.27,3.92
2025-02-11,Orlando Magic,Atlanta Hawks,1.44,2.9
2025-02-11,Washington Wizards,San Antonio Spurs,5.43,1.16
2025-02-09,Houston Rockets,Toronto Raptors,1.28,3.86
2025-02-09,Milwaukee Bucks,Philadelphia 76ers,2.42,1.6
2025-02-09,Detroit Pistons,Charlotte Hornets,1.15,5.74
2025-02-09,LA Clippers,Utah Jazz,1.06,10.37
2025-02-09,Sacramento Kings,New Orleans Pelicans,1.31,3.58
2025-02-09,Phoenix Suns,Denver Nuggets,2.97,1.42
2025-02-09,New York Knicks,Boston Celtics,2.28,1.66
2025-02-09,Chicago Bulls,Golden State Warriors,3.08,1.39
2025-02-09,Memphis Grizzlies,Oklahoma City Thunder,2.04,1.8
2025-02-09,Minnesota Timberwolves,Portland Trail Blazers,1.58,2.46
2025-02-09,Orlando Magic,San Antonio Spurs,1.7,2.2
2025-02-09,Washington Wizards,Atlanta Hawks,3.21,1.37
2025-02-08,Los Angeles Lakers,Indiana Pacers,2.53,1.54
2025-02-08,Dallas Mavericks,Houston Rockets,1.64,2.31
2025-02-08,Phoenix Suns,Utah Jazz,1.36,3.29
2025-02-08,Oklahoma City Thunder,Toronto Raptors,1.05,11.48
2025-02-08,Atlanta Hawks,Milwaukee Bucks,2.21,1.71
2025-02-08,Brooklyn Nets,Miami Heat,2.78,1.47
2025-02-08,Detroit Pistons,Philadelphia 76ers,2.73,1.48
2025-02-08,Charlotte Hornets,San Antonio Spurs,4.37,1.23
2025-02-08,Washington Wizards,Cleveland Cavaliers,10.54,1.06
2025-02-07,LA Clippers,Indiana Pacers,1.47,2.8
2025-02-07,Los Angeles Lakers,Golden State Warriors,1.53,2.65
2025-02-07,Portland Trail Blazers,Sacramento Kings,1.98,1.88
2025-02-07,Denver Nuggets,Orlando Magic,1.4,3.11
2025-02-07,Minnesota Timberwolves,Houston Rockets,1.87,1.98
2025-02-07,Boston Celtics,Dallas Mavericks,1.13,6.54
2025-02-06,Sacramento Kings,Orlando Magic,1.56,2.54
2025-02-06,Oklahoma City Thunder,Phoenix Suns,1.13,6.26
2025-02-06,Denver Nuggets,New Orleans Pelicans,1.18,5.15
2025-02-06,Utah Jazz,Golden State Warriors,3.12,1.38
2025-02-06,Minnesota Timberwolves,Chicago Bulls,1.18,5.31
2025-02-06,Brooklyn Nets,Washington Wizards,1.46,2.8
2025-02-06,Philadelphia 76ers,Miami Heat,1.8,2.07
2025-02-06,Toronto Raptors,Memphis Grizzlies,4.69,1.21
2025-02-06,Atlanta Hawks,San Antonio Spurs,2.51,1.56
2025-02-06,Charlotte Hornets,Milwaukee Bucks,5.06,1.19
2025-02-06,Detroit Pistons,Cleveland Cavaliers,2.36,1.62
2025-02-05,LA Clippers,Los Angeles Lakers,1.29,3.82
2025-02-05,Portland Trail Blazers,Indiana Pacers,2.76,1.48
2025-02-05,Chicago Bulls,Miami Heat,2.36,1.62
2025-02-05,Brooklyn Nets,Houston Rockets,4.19,1.25
2025-02-05,Cleveland Cavaliers,Boston Celtics,1.85,1.99
2025-02-05,Toronto Raptors,New York Knicks,2.82,1.45
2025-02-05,Philadelphia 76ers,Dallas Mavericks,1.56,2.49
2025-02-04,Golden State Warriors,Orlando Magic,1.61,2.39
2025-02-04,Portland Trail Blazers,Phoenix Suns,2.71,1.49
2025-02-04,Denver Nuggets,New Orleans Pelicans,1.24,4.29
2025-02-04,Utah Jazz,Indiana Pacers,3.06,1.4
2025-02-04,Memphis Grizzlies,San Antonio Spurs,1.63,2.36
2025-02-04,Minnesota Timberwolves,Sacramento Kings,1.52,2.61
2025-02-04,Oklahoma City Thunder,Milwaukee Bucks,1.05,11.29
2025-02-04,New York Knicks,Houston Rockets,1.36,3.28
2025-02-04,Charlotte Hornets,Washington Wizards,1.54,2.58
2025-02-04,Detroit Pistons,Atlanta Hawks,1.53,2.58
2025-02-03,Milwaukee Bucks,Memphis Grizzlies,1.59,2.47
2025-02-03,Philadelphia 76ers,Boston Celtics,5.72,1.15
2025-02-02,Cleveland Cavaliers,Dallas Mavericks,1.07,9.18
2025-02-02,Toronto Raptors,LA Clippers,2.78,1.47
2025-02-02,Detroit Pistons,Chicago Bulls,1.45,2.87
2025-02-02,Portland Trail Blazers,Phoenix Suns,2.51,1.55
2025-02-02,New York Knicks,Los Angeles Lakers,1.2,4.9
2025-02-02,San Antonio Spurs,Miami Heat,2.18,1.76
2025-02-02,Houston Rockets,Brooklyn Nets,1.12,6.59
2025-02-02,Minnesota Timberwolves,Washington Wizards,1.16,5.58
2025-02-02,Oklahoma City Thunder,Sacramento Kings,1.34,3.4
2025-02-02,Charlotte Hornets,Denver Nuggets,6.48,1.13
2025-02-01,Indiana Pacers,Atlanta Hawks,1.25,4.12
2025-02-01,Utah Jazz,Orlando Magic,2.44,1.59
2025-02-01,Golden State Warriors,Phoenix Suns,2.2,1.72
2025-02-01,New Orleans Pelicans,Boston Celtics,5.83,1.15
2025-02-01,San Antonio Spurs,Milwaukee Bucks,2.16,1.74
2025-02-01,Philadelphia 76ers,Denver Nuggets,4.17,1.25
2025-02-01,Toronto Raptors,Chicago Bulls,1.57,2.48
2025-02-01,Charlotte Hornets,LA Clippers,6.86,1.11
2025-02-01,Detroit Pistons,Dallas Mavericks,1.99,1.86
2025-01-31,Portland Trail Blazers,Orlando Magic,2.64,1.51
2025-01-31,Memphis Grizzlies,Houston Rockets,1.56,2.47
2025-01-31,Utah Jazz,Minnesota Timberwolves,2.94,1.42
2025-01-31,Cleveland Cavaliers,Atlanta Hawks,1.17,5.28
2025-01-31,Washington Wizards,Los Angeles Lakers,3.88,1.27
2025-01-30,Golden State Warriors,Oklahoma City Thunder,4.43,1.22
2025-01-30,Phoenix Suns,Minnesota Timberwolves,1.87,1.99
2025-01-30,New Orleans Pelicans,Dallas Mavericks,1.95,1.9
2025-01-30,San Antonio Spurs,LA Clippers,2.42,1.61
2025-01-30,Boston Celtics,Chicago Bulls,1.11,7.22
2025-01-30,Miami Heat,Cleveland Cavaliers,2.83,1.45
2025-01-30,New York Knicks,Denver Nuggets,1.71,2.22
2025-01-30,Philadelphia 76ers,Sacramento Kings,3.67,1.3
2025-01-30,Charlotte Hornets,Brooklyn Nets,1.82,2.04
2025-01-30,Indiana Pacers,Detroit Pistons,1.44,2.86
2025-01-30,Washington Wizards,Toronto Raptors,2.88,1.44
2025-01-29,Golden State Warriors,Utah Jazz,1.2,4.77
2025-01-29,Portland Trail Blazers,Milwaukee Bucks,2.84,1.45
2025-01-29,Atlanta Hawks,Houston Rockets,2.57,1.53
2025-01-29,Philadelphia 76ers,Los Angeles Lakers,2.61,1.52
2025-01-28,Phoenix Suns,LA Clippers,1.99,1.86
2025-01-28,Utah Jazz,Milwaukee Bucks,3.99,1.26
2025-01-28,Dallas Mavericks,Washington Wizards,1.12,6.71
2025-01-28,Chicago Bulls,Denver Nuggets,4.15,1.25
2025-01-28,Minnesota Timberwolves,Atlanta Hawks,1.2,4.85
2025-01-28,Boston Celtics,Houston Rockets,1.44,2.85
2025-01-28,Brooklyn Nets,Sacramento Kings,6.04,1.14
2025-01-28,Miami Heat,Orlando Magic,1.94,1.89
2025-01-28,New York Knicks,Memphis Grizzlies,1.6,2.4
2025-01-28,Toronto Raptors,New Orleans Pelicans,1.94,1.9
2025-01-28,Charlotte Hornets,Los Angeles Lakers,2.71,1.49
2025-01-28,Cleveland Cavaliers,Detroit Pistons,1.21,4.71
2025-01-27,Portland Trail Blazers,Oklahoma City Thunder,7.3,1.11
2025-01-26,LA Clippers,Milwaukee Bucks,1.62,2.38
2025-01-26,Phoenix Suns,Washington Wizards,1.1,7.67
2025-01-26,Golden State Warriors,Los Angeles Lakers,1.96,1.88
2025-01-26,Chicago Bulls,Philadelphia 76ers,1.62,2.36
2025-01-26,Memphis Grizzlies,Utah Jazz,1.2,4.82
2025-01-26,Atlanta Hawks,Toronto Raptors,1.45,2.85
2025-01-26,Cleveland Cavaliers,Houston Rockets,1.55,2.54
2025-01-26,New York Knicks,Sacramento Kings,1.53,2.58
2025-01-26,Charlotte Hornets,New Orleans Pelicans,2.06,1.79
2025-01-26,Orlando Magic,Detroit Pistons,1.64,2.32
2025-01-26,Brooklyn Nets,Miami Heat,3.33,1.34
2025-01-25,Dallas Mavericks,Boston Celtics,3.96,1.27
2025-01-25,Minnesota Timberwolves,Denver Nuggets,2.44,1.58
2025-01-25,San Antonio Spurs,Indiana Pacers,2.2,1.71
2025-01-25,Memphis Grizzlies,New Orleans Pelicans,1.22,4.32
2025-01-25,Charlotte Hornets,Portland Trail Blazers,1.97,1.89
2025-01-25,Philadelphia 76ers,Cleveland Cavaliers,4.48,1.23
2025-01-24,LA Clippers,Washington Wizards,1.09,8.0
2025-01-24,Golden State Warriors,Chicago Bulls,1.58,2.46
2025-01-24,Los Angeles Lakers,Boston Celtics,2.96,1.42
2025-01-24,Denver Nuggets,Sacramento Kings,1.33,3.45
2025-01-24,Milwaukee Bucks,Miami Heat,1.4,3.04
2025-01-24,Oklahoma City Thunder,Dallas Mavericks,1.16,5.59
2025-01-24,Atlanta Hawks,Toronto Raptors,1.48,2.73
2025-01-24,Orlando Magic,Portland Trail Blazers,1.38,3.15
2025-01-23,Indiana Pacers,San Antonio Spurs,1.71,2.21
2025-01-23,LA Clippers,Boston Celtics,5.98,1.14
2025-01-23,Sacramento Kings,Golden State Warriors,1.33,3.43
2025-01-23,Houston Rockets,Cleveland Cavaliers,2.02,1.83
2025-01-23,Memphis Grizzlies,Charlotte Hornets,1.16,5.69
2025-01-23,Oklahoma City Thunder,Utah Jazz,1.07,9.52
2025-01-23,Atlanta Hawks,Detroit Pistons,1.57,2.46
2025-01-23,Brooklyn Nets,Phoenix Suns,6.4,1.13
2025-01-23,Dallas Mavericks,Minnesota Timberwolves,2.4,1.6
2025-01-22,Los Angeles Lakers,Washington Wizards,1.11,6.89
2025-01-22,Denver Nuggets,Philadelphia 76ers,1.15,5.8
2025-01-22,Brooklyn Nets,New York Knicks,5.89,1.15
2025-01-22,Miami Heat,Portland Trail Blazers,1.25,4.14
2025-01-22,Toronto Raptors,Orlando Magic,1.97,1.87
2025-01-21,LA Clippers,Chicago Bulls,1.41,3.01
2025-01-21,New Orleans Pelicans,Utah Jazz,1.17,5.32
2025-01-20,Golden State Warriors,Boston Celtics,4.26,1.24
2025-01-20,Cleveland Cavaliers,Phoenix Suns,1.33,3.45
2025-01-20,New York Knicks,Atlanta Hawks,1.34,3.41
2025-01-20,Memphis Grizzlies,Minnesota Timberwolves,1.48,2.76
2025-01-20,Houston Rockets,Detroit Pistons,1.32,3.49
2025-01-20,Charlotte Hornets,Dallas Mavericks,2.51,1.55
2025-01-20,LA Clippers,Los Angeles Lakers,1.55,2.52
2025-01-20,Portland Trail Blazers,Chicago Bulls,2.6,1.52
2025-01-20,Sacramento Kings,Washington Wizards,1.05,11.1
2025-01-20,Milwaukee Bucks,Philadelphia 76ers,1.12,6.64
2025-01-20,Oklahoma City Thunder,Brooklyn Nets,1.06,10.02
2025-01-20,Orlando Magic,Denver Nuggets,3.43,1.33
2025-01-19,Miami Heat,San Antonio Spurs,1.65,2.3
2025-01-19,Portland Trail Blazers,Houston Rockets,4.92,1.19
2025-01-19,Minnesota Timberwolves,Cleveland Cavaliers,2.68,1.5
2025-01-19,Golden State Warriors,Washington Wizards,1.11,7.22
2025-01-19,Boston Celtics,Atlanta Hawks,1.23,4.35
2025-01-19,Indiana Pacers,Philadelphia 76ers,1.22,4.51
2025-01-18,Detroit Pistons,Phoenix Suns,1.95,1.91
2025-01-18,Los Angeles Lakers,Brooklyn Nets,1.22,4.64
2025-01-18,San Antonio Spurs,Memphis Grizzlies,1.82,2.03
2025-01-18,Dallas Mavericks,Oklahoma City Thunder,2.26,1.68
2025-01-18,Chicago Bulls,Charlotte Hornets,1.55,2.55
2025-01-18,Miami Heat,Denver Nuggets,2.26,1.68
2025-01-18,Milwaukee Bucks,Toronto Raptors,1.17,5.33
2025-01-18,New Orleans Pelicans,Utah Jazz,1.16,5.54
2025-01-18,New York Knicks,Minnesota Timberwolves,1.67,2.27
2025-01-18,Boston Celtics,Orlando Magic,1.09,8.05
2025-01-17,Portland Trail Blazers,LA Clippers,3.32,1.36
2025-01-17,Sacramento Kings,Houston Rockets,1.52,2.64
2025-01-17,Oklahoma City Thunder,Cleveland Cavaliers,1.7,2.22
2025-01-17,Detroit Pistons,Indiana Pacers,2.1,1.78
2025-01-17,Washington Wizards,Phoenix Suns,5.82,1.15
2025-01-16,LA Clippers,Brooklyn Nets,1.09,7.86
2025-01-16,Los Angeles Lakers,Miami Heat,1.55,2.54
2025-01-16,Minnesota Timberwolves,Golden State Warriors,1.38,3.14
2025-01-16,Denver Nuggets,Houston Rockets,2.73,1.49
2025-01-16,Utah Jazz,Charlotte Hornets,2.84,1.45
2025-01-16,Chicago Bulls,Atlanta Hawks,1.42,2.94
2025-01-16,Milwaukee Bucks,Orlando Magic,1.4,3.07
2025-01-16,New Orleans Pelicans,Dallas Mavericks,1.87,1.97
2025-01-16,San Antonio Spurs,Memphis Grizzlies,2.2,1.71
2025-01-16,Toronto Raptors,Boston Celtics,7.64,1.1
2025-01-16,Philadelphia 76ers,New York Knicks,2.77,1.47
2025-01-15,Portland Trail Blazers,Brooklyn Nets,1.58,2.45
2025-01-15,Dallas Mavericks,Denver Nuggets,2.18,1.72
2025-01-15,Chicago Bulls,New Orleans Pelicans,1.8,2.06
2025-01-15,Milwaukee Bucks,Sacramento Kings,1.77,2.09
2025-01-15,Atlanta Hawks,Phoenix Suns,2.12,1.76
2025-01-15,Indiana Pacers,Cleveland Cavaliers,3.65,1.3
2025-01-15,Philadelphia 76ers,Oklahoma City Thunder,9.53,1.07
2025-01-14,LA Clippers,Miami Heat,1.3,3.64
2025-01-14,Los Angeles Lakers,San Antonio Spurs,1.55,2.54
2025-01-14,Houston Rockets,Memphis Grizzlies,1.7,2.19
2025-01-14,New York Knicks,Detroit Pistons,1.31,3.64
2025-01-14,Toronto Raptors,Golden State Warriors,2.81,1.46
2025-01-14,Washington Wizards,Minnesota Timberwolves,7.9,1.09
2025-01-13,Phoenix Suns,Charlotte Hornets,1.35,3.28
2025-01-13,Utah Jazz,Brooklyn Nets,1.64,2.32
2025-01-13,Boston Celtics,New Orleans Pelicans,1.08,8.29
2025-01-13,Cleveland Cavaliers,Indiana Pacers,1.25,4.17
2025-01-13,Orlando Magic,Philadelphia 76ers,1.83,2.04
2025-01-13,Washington Wizards,Oklahoma City Thunder,9.48,1.07
2025-01-12,Chicago Bulls,Sacramento Kings,2.67,1.5
2025-01-12,Dallas Mavericks,Denver Nuggets,2.96,1.42
2025-01-12,New York Knicks,Milwaukee Bucks,1.51,2.65
2025-01-12,Portland Trail Blazers,Miami Heat,2.58,1.53
2025-01-12,Minnesota Timberwolves,Memphis Grizzlies,1.79,2.07
2025-01-12,Detroit Pistons,Toronto Raptors,1.48,2.72
2025-01-11,Phoenix Suns,Utah Jazz,1.18,5.23
2025-01-11,Denver Nuggets,Brooklyn Nets,1.09,8.22
2025-01-11,Chicago Bulls,Washington Wizards,1.2,4.88
2025-01-11,Boston Celtics,Sacramento Kings,1.15,5.77
2025-01-11,New York Knicks,Oklahoma City Thunder,2.24,1.68
2025-01-11,Indiana Pacers,Golden State Warriors,1.19,4.97
2025-01-11,Orlando Magic,Milwaukee Bucks,2.95,1.42
2025-01-11,Philadelphia 76ers,New Orleans Pelicans,1.36,3.25
2025-01-10,Phoenix Suns,Atlanta Hawks,1.42,2.98
2025-01-10,Utah Jazz,Miami Heat,2.78,1.46
2025-01-10,Memphis Grizzlies,Houston Rockets,1.71,2.2
2025-01-10,Dallas Mavericks,Portland Trail Blazers,1.33,3.45
2025-01-10,Cleveland Cavaliers,Toronto Raptors,1.1,7.55
2025-01-10,Detroit Pistons,Golden State Warriors,2.22,1.7
2025-01-10,Orlando Magic,Minnesota Timberwolves,2.83,1.45
2025-01-09,Milwaukee Bucks,San Antonio Spurs,1.53,2.58
2025-01-09,Denver Nuggets,LA Clippers,2.5,1.56
2025-01-09,New Orleans Pelicans,Portland Trail Blazers,1.79,2.06
2025-01-09,Brooklyn Nets,Detroit Pistons,4.17,1.24
2025-01-09,New York Knicks,Toronto Raptors,1.14,6.19
2025-01-09,Cleveland Cavaliers,Oklahoma City Thunder,1.68,2.25
2025-01-09,Indiana Pacers,Chicago Bulls,1.49,2.72
2025-01-09,Philadelphia 76ers,Washington Wizards,1.21,4.61
2025-01-08,Denver Nuggets,Boston Celtics,4.32,1.23
2025-01-08,Golden State Warriors,Miami Heat,1.26,4.04
2025-01-08,Utah Jazz,Atlanta Hawks,2.81,1.46
2025-01-08,New Orleans Pelicans,Minnesota Timberwolves,2.46,1.58
2025-01-08,Dallas Mavericks,Los Angeles Lakers,3.05,1.41
2025-01-08,Charlotte Hornets,Phoenix Suns,2.67,1.5
2025-01-08,Washington Wizards,Houston Rockets,7.16,1.11
2025-01-07,Sacramento Kings,Miami Heat,1.58,2.46
2025-01-07,Chicago Bulls,San Antonio Spurs,2.23,1.69
2025-01-07,Memphis Grizzlies,Dallas Mavericks,1.55,2.54
2025-01-07,Minnesota Timberwolves,LA Clippers,1.73,2.17
2025-01-07,Brooklyn Nets,Indiana Pacers,5.24,1.18
2025-01-07,New York Knicks,Orlando Magic,1.17,5.28
2025-01-07,Toronto Raptors,Milwaukee Bucks,3.01,1.42
2025-01-07,Detroit Pistons,Portland Trail Blazers,1.4,3.03
2025-01-07,Philadelphia 76ers,Phoenix Suns,2.08,1.78
2025-01-06,Golden State Warriors,Sacramento Kings,1.63,2.35
2025-01-06,Houston Rockets,Los Angeles Lakers,1.55,2.51
2025-01-06,Orlando Magic,Utah Jazz,1.26,3.99
2025-01-06,Cleveland Cavaliers,Charlotte Hornets,1.07,9.63
2025-01-06,Washington Wizards,New Orleans Pelicans,2.92,1.43
2025-01-05,Oklahoma City Thunder,Boston Celtics,1.93,1.92
2025-01-05,LA Clippers,Atlanta Hawks,1.36,3.28
2025-01-05,Golden State Warriors,Memphis Grizzlies,1.66,2.29
2025-01-05,Chicago Bulls,New York Knicks,2.85,1.44
2025-01-05,Miami Heat,Utah Jazz,1.27,3.93
2025-01-05,Milwaukee Bucks,Portland Trail Blazers,1.14,6.1
2025-01-05,San Antonio Spurs,Denver Nuggets,2.29,1.66
2025-01-05,Detroit Pistons,Minnesota Timberwolves,3.12,1.39
2025-01-05,Indiana Pacers,Phoenix Suns,1.68,2.24
2025-01-05,Brooklyn Nets,Philadelphia 76ers,4.15,1.25
2025-01-04,Los Angeles Lakers,Atlanta Hawks,1.72,2.19
2025-01-04,Sacramento Kings,Memphis Grizzlies,1.64,2.32
2025-01-04,Denver Nuggets,San Antonio Spurs,1.43,2.92
2025-01-04,Dallas Mavericks,Cleveland Cavaliers,4.32,1.23
2025-01-04,Houston Rockets,Boston Celtics,2.31,1.65
2025-01-04,New Orleans Pelicans,Washington Wizards,1.33,3.47
2025-01-04,Oklahoma City Thunder,New York Knicks,1.57,2.47
2025-01-04,Toronto Raptors,Orlando Magic,2.08,1.79
2025-01-04,Detroit Pistons,Charlotte Hornets,1.32,3.51
2025-01-03,Los Angeles Lakers,Portland Trail Blazers,1.38,3.18
2025-01-03,Golden State Warriors,Philadelphia 76ers,1.57,2.46
2025-01-03,Milwaukee Bucks,Brooklyn Nets,1.13,6.47
2025-01-03,Oklahoma City Thunder,LA Clippers,1.14,5.91
2025-01-03,Miami Heat,Indiana Pacers,1.76,2.12
2025-01-03,Minnesota Timberwolves,Boston Celtics,2.17,1.73
2025-01-02,Sacramento Kings,Philadelphia 76ers,1.4,3.06
2025-01-02,Denver Nuggets,Atlanta Hawks,1.28,3.82
2025-01-02,Houston Rockets,Dallas Mavericks,1.5,2.65
2025-01-02,Miami Heat,New Orleans Pelicans,1.26,4.0
2025-01-02,New York Knicks,Utah Jazz,1.14,6.16
2025-01-02,Toronto Raptors,Brooklyn Nets,1.84,2.01
2025-01-02,Detroit Pistons,Orlando Magic,1.76,2.12
2025-01-02,Washington Wizards,Chicago Bulls,2.96,1.42
2025-01-01,Los Angeles Lakers,Cleveland Cavaliers,2.5,1.56
2025-01-01,Phoenix Suns,Memphis Grizzlies,1.46,2.81
2025-01-01,Oklahoma City Thunder,Minnesota Timberwolves,1.38,3.16
2025-01-01,San Antonio Spurs,LA Clippers,1.63,2.34
2024-12-31,Boston Celtics,Toronto Raptors,1.06,10.29
2024-12-31,Indiana Pacers,Milwaukee Bucks,2.09,1.77
2024-12-31,Golden State Warriors,Cleveland Cavaliers,2.4,1.61
2024-12-31,Portland Trail Blazers,Philadelphia 76ers,3.31,1.35
2024-12-31,Sacramento Kings,Dallas Mavericks,1.31,3.58
2024-12-31,Utah Jazz,Denver Nuggets,3.42,1.33
2024-12-31,New Orleans Pelicans,LA Clippers,2.59,1.53
2024-12-31,Charlotte Hornets,Chicago Bulls,2.51,1.55
2024-12-31,Washington Wizards,New York Knicks,6.32,1.13
2024-12-30,Minnesota Timberwolves,San Antonio Spurs,1.43,2.92
2024-12-30,Houston Rockets,Miami Heat,1.28,3.84
2024-12-30,Oklahoma City Thunder,Memphis Grizzlies,1.32,3.54
2024-12-30,Boston Celtics,Indiana Pacers,1.18,5.14
2024-12-30,Toronto Raptors,Atlanta Hawks,1.91,1.92
2024-12-29,Orlando Magic,Brooklyn Nets,1.3,3.71
2024-12-29,Los Angeles Lakers,Sacramento Kings,2.26,1.68
2024-12-29,Portland Trail Blazers,Dallas Mavericks,2.37,1.62
2024-12-29,Utah Jazz,Philadelphia 76ers,3.26,1.36
2024-12-29,Denver Nuggets,Detroit Pistons,1.41,3.03
2024-12-29,Golden State Warriors,Phoenix Suns,1.4,3.05
2024-12-29,Chicago Bulls,Milwaukee Bucks,2.15,1.74
2024-12-29,Washington Wizards,New York Knicks,7.03,1.11
2024-12-29,Charlotte Hornets,Oklahoma City Thunder,7.47,1.1
2024-12-28,Atlanta Hawks,Miami Heat,1.9,1.95
2024-12-28,LA Clippers,Golden State Warriors,1.44,2.88
2024-12-28,Denver Nuggets,Cleveland Cavaliers,2.36,1.63
2024-12-28,Phoenix Suns,Dallas Mavericks,1.88,1.96
2024-12-28,Houston Rockets,Minnesota Timberwolves,1.89,1.95
2024-12-28,New Orleans Pelicans,Memphis Grizzlies,3.44,1.34
2024-12-28,Boston Celtics,Indiana Pacers,1.15,5.71
2024-12-28,Brooklyn Nets,San Antonio Spurs,3.6,1.31
2024-12-28,Orlando Magic,New York Knicks,3.06,1.4
2024-12-27,Portland Trail Blazers,Utah Jazz,1.63,2.35
2024-12-27,Sacramento Kings,Detroit Pistons,1.51,2.64
2024-12-27,Memphis Grizzlies,Toronto Raptors,1.17,5.34
2024-12-27,Milwaukee Bucks,Brooklyn Nets,1.39,3.14
2024-12-27,New Orleans Pelicans,Houston Rockets,3.24,1.36
2024-12-27,Atlanta Hawks,Chicago Bulls,1.49,2.73
2024-12-27,Indiana Pacers,Oklahoma City Thunder,2.76,1.48
2024-12-27,Orlando Magic,Miami Heat,1.88,1.96
2024-12-27,Washington Wizards,Charlotte Hornets,2.61,1.53
2024-12-26,Phoenix Suns,Denver Nuggets,2.17,1.73
2024-12-26,Golden State Warriors,Los Angeles Lakers,1.6,2.4
2024-12-25,Boston Celtics,Philadelphia 76ers,1.23,4.37
2024-12-25,Dallas Mavericks,Minnesota Timberwolves,1.49,2.71
2024-12-25,New York Knicks,San Antonio Spurs,1.29,3.77
2024-12-24,Los Angeles Lakers,Detroit Pistons,1.38,3.14
2024-12-24,Denver Nuggets,Phoenix Suns,1.54,2.56
2024-12-24,Golden State Warriors,Indiana Pacers,1.46,2.78
2024-12-24,Dallas Mavericks,Portland Trail Blazers,1.12,6.67
2024-12-24,Chicago Bulls,Milwaukee Bucks,1.69,2.23
2024-12-24,Memphis Grizzlies,LA Clippers,1.42,2.96
2024-12-24,Oklahoma City Thunder,Washington Wizards,1.05,11.01
2024-12-24,Atlanta Hawks,Minnesota Timberwolves,2.31,1.65
2024-12-24,Miami Heat,Brooklyn Nets,1.23,4.32
2024-12-24,New York Knicks,Toronto Raptors,1.11,7.2
2024-12-24,Charlotte Hornets,Houston Rockets,2.95,1.43
2024-12-24,Cleveland Cavaliers,Utah Jazz,1.09,8.02
2024-12-24,Orlando Magic,Boston Celtics,4.63,1.21
2024-12-24,Philadelphia 76ers,San Antonio Spurs,1.48,2.74
2024-12-23,New Orleans Pelicans,Denver Nuggets,4.15,1.25
2024-12-23,Sacramento Kings,Indiana Pacers,1.67,2.28
2024-12-23,Toronto Raptors,Houston Rockets,4.1,1.26
2024-12-22,Phoenix Suns,Detroit Pistons,1.44,2.87
2024-12-22,Dallas Mavericks,LA Clippers,1.62,2.37
2024-12-22,San Antonio Spurs,Portland Trail Blazers,1.37,3.22
2024-12-22,Chicago Bulls,Boston Celtics,5.9,1.15
2024-12-22,Cleveland Cavaliers,Philadelphia 76ers,1.25,4.17
2024-12-22,Milwaukee Bucks,Washington Wizards,1.27,3.98
2024-12-22,Minnesota Timberwolves,Golden State Warriors,1.59,2.44
2024-12-22,New Orleans Pelicans,New York Knicks,3.59,1.31
2024-12-22,Atlanta Hawks,Memphis Grizzlies,2.09,1.79
2024-12-22,Brooklyn Nets,Utah Jazz,1.81,2.05
2024-12-22,Orlando Magic,Miami Heat,1.73,2.17
2024-12-22,Sacramento Kings,Los Angeles Lakers,1.61,2.4
2024-12-21,Miami Heat,Oklahoma City Thunder,1.94,1.89
2024-12-21,Cleveland Cavaliers,Milwaukee Bucks,1.27,3.96
2024-12-21,Philadelphia 76ers,Charlotte Hornets,1.14,6.11
2024-12-20,Portland Trail Blazers,Denver Nuggets,3.74,1.29
2024-12-20,Sacramento Kings,Los Angeles Lakers,1.51,2.62
2024-12-20,Minnesota Timberwolves,New York Knicks,1.65,2.3
2024-12-20,Phoenix Suns,Indiana Pacers,1.42,3.0
2024-12-20,Dallas Mavericks,LA Clippers,1.89,1.95
2024-12-20,Houston Rockets,New Orleans Pelicans,1.24,4.23
2024-12-20,Memphis Grizzlies,Golden State Warriors,1.73,2.18
2024-12-20,San Antonio Spurs,Atlanta Hawks,1.88,1.96
2024-12-20,Boston Celtics,Chicago Bulls,1.08,8.27
2024-12-20,Toronto Raptors,Brooklyn Nets,1.72,2.18
2024-12-20,Detroit Pistons,Utah Jazz,1.54,2.55
2024-12-20,Orlando Magic,Oklahoma City Thunder,3.19,1.37
2024-12-20,Washington Wizards,Charlotte Hornets,2.42,1.6
2024-12-17,LA Clippers,Utah Jazz,1.32,3.55
2024-12-17,Sacramento Kings,Denver Nuggets,1.86,1.98
2024-12-17,Brooklyn Nets,Cleveland Cavaliers,4.8,1.2
2024-12-17,Toronto Raptors,Chicago Bulls,1.99,1.86
2024-12-17,Charlotte Hornets,Philadelphia 76ers,2.18,1.72
2024-12-17,Detroit Pistons,Miami Heat,2.62,1.52
2024-12-16,Los Angeles Lakers,Memphis Grizzlies,2.13,1.76
2024-12-16,Golden State Warriors,Dallas Mavericks,1.95,1.9
2024-12-16,Phoenix Suns,Portland Trail Blazers,1.17,5.38
2024-12-16,San Antonio Spurs,Minnesota Timberwolves,2.58,1.53
2024-12-16,Orlando Magic,New York Knicks,2.56,1.54
2024-12-16,Washington Wizards,Boston Celtics,11.34,1.05
2024-12-15,Indiana Pacers,New Orleans Pelicans,1.35,3.29
2024-12-14,Portland Trail Blazers,San Antonio Spurs,2.38,1.61
2024-12-14,Utah Jazz,Phoenix Suns,3.27,1.36
2024-12-14,Denver Nuggets,LA Clippers,1.35,3.31
2024-12-14,Chicago Bulls,Charlotte Hornets,1.46,2.79
2024-12-14,Memphis Grizzlies,Brooklyn Nets,1.21,4.71
2024-12-14,Minnesota Timberwolves,Los Angeles Lakers,1.27,3.94
2024-12-14,Cleveland Cavaliers,Washington Wizards,1.06,10.75
2024-12-14,Philadelphia 76ers,Indiana Pacers,1.4,3.08
2024-12-13,New Orleans Pelicans,Sacramento Kings,3.24,1.37
2024-12-13,Boston Celtics,Detroit Pistons,1.15,5.69
2024-12-13,Miami Heat,Toronto Raptors,1.2,4.87
2024-12-10,Toronto Raptors,New York Knicks,3.53,1.32
2024-12-09,Los Angeles Lakers,Portland Trail Blazers,1.33,3.43
2024-12-09,LA Clippers,Houston Rockets,2.29,1.66
2024-12-09,Sacramento Kings,Utah Jazz,1.17,5.4
2024-12-09,Golden State Warriors,Minnesota Timberwolves,1.84,2.0
2024-12-09,San Antonio Spurs,New Orleans Pelicans,1.37,3.23
2024-12-09,Washington Wizards,Memphis Grizzlies,4.46,1.23
2024-12-09,Orlando Magic,Phoenix Suns,1.75,2.13
2024-12-09,Atlanta Hawks,Denver Nuggets,1.87,1.98
2024-12-09,Miami Heat,Cleveland Cavaliers,2.19,1.71
2024-12-08,Indiana Pacers,Charlotte Hornets,1.15,5.76
2024-12-08,Brooklyn Nets,Milwaukee Bucks,3.0,1.42
2024-12-08,Chicago Bulls,Philadelphia 76ers,2.22,1.7
2024-12-08,Boston Celtics,Memphis Grizzlies,1.35,3.3
2024-12-08,Miami Heat,Phoenix Suns,1.49,2.72
2024-12-08,New York Knicks,Detroit Pistons,1.3,3.69
2024-12-08,Toronto Raptors,Dallas Mavericks,3.68,1.3
2024-12-08,New Orleans Pelicans,Oklahoma City Thunder,3.62,1.31
2024-12-08,Washington Wizards,Denver Nuggets,6.27,1.13
2024-12-07,Charlotte Hornets,Cleveland Cavaliers,6.94,1.11
2024-12-07,Golden State Warriors,Minnesota Timberwolves,2.01,1.84
2024-12-07,Portland Trail Blazers,Utah Jazz,1.62,2.39
2024-12-07,Chicago Bulls,Indiana Pacers,2.37,1.62
2024-12-07,San Antonio Spurs,Sacramento Kings,3.12,1.39
2024-12-07,Atlanta Hawks,Los Angeles Lakers,1.6,2.41
2024-12-07,Boston Celtics,Milwaukee Bucks,1.3,3.64
2024-12-07,Philadelphia 76ers,Orlando Magic,2.27,1.67
2024-12-06,Golden State Warriors,Houston Rockets,2.54,1.54
2024-12-06,Memphis Grizzlies,Sacramento Kings,1.67,2.28
2024-12-06,New Orleans Pelicans,Phoenix Suns,2.05,1.81
2024-12-06,San Antonio Spurs,Chicago Bulls,1.77,2.11
2024-12-06,New York Knicks,Charlotte Hornets,1.09,8.14
2024-12-06,Toronto Raptors,Oklahoma City Thunder,4.85,1.2
2024-12-06,Cleveland Cavaliers,Denver Nuggets,1.59,2.43
2024-12-06,Washington Wizards,Dallas Mavericks,7.55,1.1
2024-12-05,LA Clippers,Minnesota Timberwolves,2.59,1.53
2024-12-05,Milwaukee Bucks,Atlanta Hawks,1.53,2.56
2024-12-05,Boston Celtics,Detroit Pistons,1.12,6.73
2024-12-05,Brooklyn Nets,Indiana Pacers,2.3,1.66
2024-12-05,Miami Heat,Los Angeles Lakers,1.59,2.43
2024-12-05,Philadelphia 76ers,Orlando Magic,3.0,1.42
2024-12-04,LA Clippers,Portland Trail Blazers,1.26,3.97
2024-12-04,Denver Nuggets,Golden State Warriors,1.5,2.68
2024-12-04,Sacramento Kings,Houston Rockets,1.82,2.04
2024-12-04,Phoenix Suns,San Antonio Spurs,1.36,3.27
2024-12-04,Dallas Mavericks,Memphis Grizzlies,1.52,2.6
2024-12-04,Oklahoma City Thunder,Utah Jazz,1.1,7.64
2024-12-04,New York Knicks,Orlando Magic,1.51,2.65
2024-12-04,Toronto Raptors,Indiana Pacers,2.31,1.65
2024-12-04,Charlotte Hornets,Philadelphia 76ers,2.62,1.52
2024-12-04,Cleveland Cavaliers,Washington Wizards,1.07,9.37
2024-12-04,Detroit Pistons,Milwaukee Bucks,2.26,1.67
2024-12-03,Chicago Bulls,Brooklyn Nets,1.34,3.41
2024-12-03,Minnesota Timberwolves,Los Angeles Lakers,1.36,3.28
2024-12-03,Atlanta Hawks,New Orleans Pelicans,1.24,4.33
2024-12-03,Boston Celtics,Miami Heat,1.23,4.34
2024-12-02,LA Clippers,Denver Nuggets,2.29,1.66
2024-12-02,Portland Trail Blazers,Dallas Mavericks,2.76,1.48
2024-12-02,Sacramento Kings,San Antonio Spurs,1.42,3.0
2024-12-02,Utah Jazz,Los Angeles Lakers,2.75,1.48
2024-12-02,Houston Rockets,Oklahoma City Thunder,2.0,1.84
2024-12-02,Cleveland Cavaliers,Boston Celtics,1.84,2.01
2024-12-02,New York Knicks,New Orleans Pelicans,1.14,6.16
2024-12-02,Toronto Raptors,Miami Heat,2.63,1.51
2024-12-01,Brooklyn Nets,Orlando Magic,3.17,1.38
2024-12-01,Memphis Grizzlies,Indiana Pacers,1.43,2.91
2024-12-01,Utah Jazz,Dallas Mavericks,2.98,1.42
2024-12-01,Phoenix Suns,Golden State Warriors,1.88,1.96
2024-12-01,Milwaukee Bucks,Washington Wizards,1.09,8.13
2024-12-01,Detroit Pistons,Philadelphia 76ers,1.96,1.9
2024-12-01,Charlotte Hornets,Atlanta Hawks,2.85,1.44
2024-11-30,Los Angeles Lakers,Oklahoma City Thunder,2.27,1.67
2024-11-30,Portland Trail Blazers,Sacramento Kings,3.28,1.36
2024-11-30,Chicago Bulls,Boston Celtics,5.91,1.15
2024-11-30,Indiana Pacers,Detroit Pistons,1.5,2.66
2024-11-30,Miami Heat,Toronto Raptors,1.3,3.67
2024-11-30,Brooklyn Nets,Orlando Magic,3.42,1.33
2024-11-30,Minnesota Timberwolves,LA Clippers,1.39,3.07
2024-11-29,Memphis Grizzlies,New Orleans Pelicans,1.15,5.93
2024-11-29,Atlanta Hawks,Cleveland Cavaliers,2.86,1.44
2024-11-29,Charlotte Hornets,New York Knicks,6.62,1.12
2024-11-28,Golden State Warriors,Oklahoma City Thunder,2.54,1.53
2024-11-28,Phoenix Suns,Brooklyn Nets,1.25,4.16
2024-11-28,Utah Jazz,Denver Nuggets,4.96,1.19
2024-11-28,San Antonio Spurs,Los Angeles Lakers,2.11,1.77
2024-11-28,Memphis Grizzlies,Detroit Pistons,1.31,3.61
2024-11-28,Minnesota Timberwolves,Sacramento Kings,1.69,2.23
2024-11-28,New Orleans Pelicans,Toronto Raptors,1.88,1.97
2024-11-28,Dallas Mavericks,New York Knicks,2.46,1.58
2024-11-28,Charlotte Hornets,Miami Heat,2.48,1.56
2024-11-28,Cleveland Cavaliers,Atlanta Hawks,1.26,4.11
2024-11-28,Indiana Pacers,Portland Trail Blazers,1.24,4.22
2024-11-28,Orlando Magic,Chicago Bulls,1.24,4.17
2024-11-28,Philadelphia 76ers,Houston Rockets,2.77,1.47
2024-11-28,Washington Wizards,LA Clippers,4.32,1.24
2024-11-27,Phoenix Suns,Los Angeles Lakers,1.7,2.23
2024-11-27,Utah Jazz,San Antonio Spurs,2.09,1.78
2024-11-27,Minnesota Timberwolves,Houston Rockets,1.7,2.22
2024-11-27,Miami Heat,Milwaukee Bucks,1.44,2.85
2024-11-27,Washington Wizards,Chicago Bulls,2.8,1.46
2024-11-26,Golden State Warriors,Brooklyn Nets,1.11,7.17
2024-11-26,Sacramento Kings,Oklahoma City Thunder,2.34,1.63
2024-11-26,Denver Nuggets,New York Knicks,1.75,2.15
2024-11-26,Memphis Grizzlies,Portland Trail Blazers,1.2,4.77
2024-11-26,Atlanta Hawks,Dallas Mavericks,1.72,2.19
2024-11-26,Boston Celtics,LA Clippers,1.2,4.81
2024-11-26,Charlotte Hornets,Orlando Magic,2.55,1.54
2024-11-26,Detroit Pistons,Toronto Raptors,1.6,2.43
2024-11-26,Indiana Pacers,New Orleans Pelicans,1.32,3.55
2024-11-25,Sacramento Kings,Brooklyn Nets,1.21,4.69
2024-11-25,Cleveland Cavaliers,Toronto Raptors,1.15,5.83
2024-11-25,Miami Heat,Dallas Mavericks,1.7,2.21
2024-11-25,Philadelphia 76ers,LA Clippers,2.02,1.83
2024-11-24,Indiana Pacers,Washington Wizards,1.14,6.16
2024-11-24,Boston Celtics,Minnesota Timberwolves,1.29,3.81
2024-11-24,Los Angeles Lakers,Denver Nuggets,1.59,2.44
2024-11-24,San Antonio Spurs,Golden State Warriors,2.37,1.62
2024-11-24,Chicago Bulls,Memphis Grizzlies,2.49,1.57
2024-11-24,Houston Rockets,Portland Trail Blazers,1.14,6.18
2024-11-24,Milwaukee Bucks,Charlotte Hornets,1.31,3.59
2024-11-24,Orlando Magic,Detroit Pistons,1.25,4.2
2024-11-23,Utah Jazz,New York Knicks,3.78,1.29
2024-11-23,LA Clippers,Sacramento Kings,2.42,1.6
2024-11-23,Denver Nuggets,Dallas Mavericks,1.52,2.6
2024-11-23,Chicago Bulls,Atlanta Hawks,2.08,1.79
2024-11-23,Houston Rockets,Portland Trail Blazers,1.14,5.99
2024-11-23,Milwaukee Bucks,Indiana Pacers,1.45,2.84
2024-11-23,New Orleans Pelicans,Golden State Warriors,4.7,1.21
2024-11-23,Philadelphia 76ers,Brooklyn Nets,1.59,2.45
2024-11-23,Washington Wizards,Boston Celtics,9.05,1.07
2024-11-22,Los Angeles Lakers,Orlando Magic,1.45,2.84
2024-11-22,San Antonio Spurs,Utah Jazz,1.67,2.26
2024-11-22,Toronto Raptors,Minnesota Timberwolves,3.29,1.36
2024-11-22,Charlotte Hornets,Detroit Pistons,2.2,1.71
2024-11-21,LA Clippers,Orlando Magic,2.28,1.67
2024-11-21,Golden State Warriors,Atlanta Hawks,1.31,3.64
2024-11-21,Phoenix Suns,New York Knicks,2.56,1.54
2024-11-21,Houston Rockets,Indiana Pacers,1.43,2.93
2024-11-21,Memphis Grizzlies,Philadelphia 76ers,2.58,1.53
2024-11-21,Oklahoma City Thunder,Portland Trail Blazers,1.13,6.54
2024-11-21,Cleveland Cavaliers,New Orleans Pelicans,1.1,7.64
2024-11-21,Milwaukee Bucks,Chicago Bulls,1.27,3.93
2024-11-20,Los Angeles Lakers,Utah Jazz,1.19,4.98
2024-11-20,San Antonio Spurs,Oklahoma City Thunder,4.7,1.21
2024-11-20,Dallas Mavericks,New Orleans Pelicans,1.11,7.21
2024-11-20,Memphis Grizzlies,Denver Nuggets,1.43,2.92
2024-11-20,Brooklyn Nets,Charlotte Hornets,1.82,2.04
2024-11-20,Boston Celtics,Cleveland Cavaliers,1.38,3.14
2024-11-19,LA Clippers,Golden State Warriors,2.76,1.47
2024-11-19,Sacramento Kings,Atlanta Hawks,1.58,2.45
2024-11-19,Phoenix Suns,Orlando Magic,2.54,1.54
2024-11-19,Milwaukee Bucks,Houston Rockets,1.63,2.34
2024-11-19,Miami Heat,Philadelphia 76ers,1.69,2.22
2024-11-19,New York Knicks,Washington Wizards,1.09,7.92
2024-11-19,Toronto Raptors,Indiana Pacers,2.32,1.64
2024-11-19,Detroit Pistons,Chicago Bulls,1.56,2.49
2024-11-18,LA Clippers,Utah Jazz,1.22,4.51
2024-11-18,Chicago Bulls,Houston Rockets,2.61,1.52
2024-11-18,New York Knicks,Brooklyn Nets,1.21,4.65
2024-11-18,Oklahoma City Thunder,Dallas Mavericks,1.34,3.35
2024-11-18,Cleveland Cavaliers,Charlotte Hornets,1.22,4.6
2024-11-18,Memphis Grizzlies,Denver Nuggets,1.43,2.9
2024-11-18,Portland Trail Blazers,Atlanta Hawks,2.49,1.57
2024-11-18,Washington Wizards,Detroit Pistons,2.71,1.49
2024-11-17,Indiana Pacers,Miami Heat,1.62,2.39
2024-11-17,Minnesota Timberwolves,Phoenix Suns,1.35,3.33
2024-11-17,Sacramento Kings,Utah Jazz,1.35,3.31
2024-11-17,Dallas Mavericks,San Antonio Spurs,1.12,6.76
2024-11-17,Boston Celtics,Toronto Raptors,1.07,9.96
2024-11-17,New Orleans Pelicans,Los Angeles Lakers,3.63,1.31
2024-11-16,Charlotte Hornets,Milwaukee Bucks,2.43,1.59
2024-11-16,Golden State Warriors,Memphis Grizzlies,1.34,3.38
2024-11-16,Sacramento Kings,Minnesota Timberwolves,2.05,1.81
2024-11-16,Houston Rockets,LA Clippers,1.51,2.65
2024-11-16,New Orleans Pelicans,Denver Nuggets,2.12,1.77
2024-11-16,Oklahoma City Thunder,Phoenix Suns,1.33,3.43
2024-11-16,Atlanta Hawks,Washington Wizards,1.25,4.16
2024-11-16,Cleveland Cavaliers,Chicago Bulls,1.2,4.79
2024-11-16,New York Knicks,Brooklyn Nets,1.25,4.1
2024-11-16,San Antonio Spurs,Los Angeles Lakers,2.18,1.73
2024-11-16,Indiana Pacers,Miami Heat,1.54,2.56
2024-11-16,Orlando Magic,Philadelphia 76ers,1.73,2.17
2024-11-16,Toronto Raptors,Detroit Pistons,2.21,1.7
2024-11-15,Utah Jazz,Dallas Mavericks,3.61,1.31
2024-11-14,Los Angeles Lakers,Memphis Grizzlies,1.33,3.41
2024-11-14,Portland Trail Blazers,Minnesota Timberwolves,4.71,1.21
2024-11-14,Sacramento Kings,Phoenix Suns,1.3,3.67
2024-11-14,Milwaukee Bucks,Detroit Pistons,1.36,3.28
2024-11-14,San Antonio Spurs,Washington Wizards,1.23,4.4
2024-11-14,Brooklyn Nets,Boston Celtics,4.61,1.22
2024-11-14,New York Knicks,Chicago Bulls,1.29,3.75
2024-11-14,Oklahoma City Thunder,New Orleans Pelicans,1.09,7.91
2024-11-14,Philadelphia 76ers,Cleveland Cavaliers,5.34,1.17
2024-11-14,Orlando Magic,Indiana Pacers,1.88,1.97
2024-11-13,Golden State Warriors,Dallas Mavericks,1.7,2.23
2024-11-13,Portland Trail Blazers,Minnesota Timberwolves,4.18,1.25
2024-11-13,Utah Jazz,Phoenix Suns,2.72,1.49
2024-11-13,Milwaukee Bucks,Toronto Raptors,1.26,4.03
2024-11-13,Philadelphia 76ers,New York Knicks,2.37,1.62
2024-11-13,Boston Celtics,Atlanta Hawks,1.07,9.49
2024-11-13,Detroit Pistons,Miami Heat,2.02,1.83
2024-11-13,Orlando Magic,Charlotte Hornets,1.27,3.98
2024-11-12,Chicago Bulls,Cleveland Cavaliers,3.79,1.29
2024-11-12,Houston Rockets,Washington Wizards,1.15,5.88
2024-11-12,New Orleans Pelicans,Brooklyn Nets,2.04,1.82
2024-11-12,Oklahoma City Thunder,LA Clippers,1.36,3.22
2024-11-12,San Antonio Spurs,Sacramento Kings,2.2,1.71
2024-11-11,Los Angeles Lakers,Toronto Raptors,1.19,5.06
2024-11-11,Portland Trail Blazers,Memphis Grizzlies,1.96,1.88
2024-11-11,Denver Nuggets,Dallas Mavericks,1.75,2.14
2024-11-11,Phoenix Suns,Sacramento Kings,1.96,1.89
2024-11-11,Minnesota Timberwolves,Miami Heat,1.34,3.35
2024-11-11,Oklahoma City Thunder,Golden State Warriors,1.39,3.13
2024-11-11,Philadelphia 76ers,Charlotte Hornets,1.52,2.64
2024-11-11,Orlando Magic,Washington Wizards,1.17,5.46
2024-11-10,Indiana Pacers,New York Knicks,2.31,1.65
2024-11-10,Milwaukee Bucks,Boston Celtics,2.64,1.51
2024-11-10,Detroit Pistons,Houston Rockets,2.46,1.58
2024-11-10,LA Clippers,Toronto Raptors,1.41,3.04
2024-11-10,Atlanta Hawks,Chicago Bulls,1.71,2.2
2024-11-10,Cleveland Cavaliers,Brooklyn Nets,1.12,6.64
2024-11-09,San Antonio Spurs,Utah Jazz,1.39,3.1
2024-11-09,Los Angeles Lakers,Philadelphia 76ers,1.33,3.48
2024-11-09,Sacramento Kings,LA Clippers,1.4,3.05
2024-11-09,Denver Nuggets,Miami Heat,1.68,2.26
2024-11-09,Minnesota Timberwolves,Portland Trail Blazers,1.14,6.13
2024-11-09,Memphis Grizzlies,Washington Wizards,1.33,3.46
2024-11-09,Oklahoma City Thunder,Houston Rockets,1.3,3.67
2024-11-09,Boston Celtics,Brooklyn Nets,1.12,6.81
2024-11-09,Cleveland Cavaliers,Golden State Warriors,1.63,2.36
2024-11-09,Dallas Mavericks,Phoenix Suns,1.71,2.21
2024-11-09,New York Knicks,Milwaukee Bucks,1.39,3.08
2024-11-09,Charlotte Hornets,Indiana Pacers,3.2,1.37
2024-11-09,Detroit Pistons,Atlanta Hawks,1.77,2.12
2024-11-09,Orlando Magic,New Orleans Pelicans,1.29,3.73
2024-11-08,Chicago Bulls,Minnesota Timberwolves,4.25,1.24
2024-11-08,Milwaukee Bucks,Utah Jazz,1.22,4.54
2024-11-08,San Antonio Spurs,Portland Trail Blazers,1.58,2.46
2024-11-07,LA Clippers,Philadelphia 76ers,1.81,2.05
2024-11-07,Sacramento Kings,Toronto Raptors,1.16,5.66
2024-11-07,Denver Nuggets,Oklahoma City Thunder,3.26,1.36
2024-11-07,Phoenix Suns,Miami Heat,1.51,2.65
2024-11-07,Dallas Mavericks,Chicago Bulls,1.2,4.76
2024-11-07,Houston Rockets,San Antonio Spurs,1.37,3.2
2024-11-07,Memphis Grizzlies,Los Angeles Lakers,1.57,2.48
2024-11-07,New Orleans Pelicans,Cleveland Cavaliers,3.13,1.38
2024-11-07,Atlanta Hawks,New York Knicks,3.25,1.36
2024-11-07,Boston Celtics,Golden State Warriors,1.39,3.15
2024-11-07,Charlotte Hornets,Detroit Pistons,1.99,1.86
2024-11-07,Indiana Pacers,Orlando Magic,1.47,2.77
2024-11-05,LA Clippers,San Antonio Spurs,1.57,2.5
2024-11-05,Phoenix Suns,Philadelphia 76ers,1.33,3.47
2024-11-05,Denver Nuggets,Toronto Raptors,1.19,5.04
2024-11-05,Dallas Mavericks,Indiana Pacers,1.54,2.58
2024-11-05,New Orleans Pelicans,Portland Trail Blazers,1.86,2.0
2024-11-05,Oklahoma City Thunder,Orlando Magic,1.13,6.58
2024-11-05,Minnesota Timberwolves,Charlotte Hornets,1.18,5.22
2024-11-05,Houston Rockets,New York Knicks,2.1,1.78
2024-11-05,Chicago Bulls,Utah Jazz,1.33,3.43
2024-11-05,Miami Heat,Sacramento Kings,1.84,2.01
2024-11-05,Brooklyn Nets,Memphis Grizzlies,2.51,1.56
2024-11-05,Atlanta Hawks,Boston Celtics,4.8,1.2
2024-11-05,Detroit Pistons,Los Angeles Lakers,3.32,1.35
2024-11-05,Washington Wizards,Golden State Warriors,5.17,1.18
2024-11-05,Cleveland Cavaliers,Milwaukee Bucks,1.28,3.82
2024-11-04,Dallas Mavericks,Orlando Magic,1.37,3.2
2024-11-04,New Orleans Pelicans,Atlanta Hawks,1.98,1.87
2024-11-03,Brooklyn Nets,Detroit Pistons,1.67,2.29
2024-11-03,LA Clippers,Oklahoma City Thunder,2.86,1.44
2024-11-03,Denver Nuggets,Utah Jazz,1.18,5.26
2024-11-03,Phoenix Suns,Portland Trail Blazers,1.12,6.89
2024-11-03,Washington Wizards,Miami Heat,4.52,1.22
2024-11-03,Houston Rockets,Golden State Warriors,1.53,2.6
2024-11-03,Milwaukee Bucks,Cleveland Cavaliers,1.78,2.09
2024-11-03,San Antonio Spurs,Minnesota Timberwolves,2.42,1.59
2024-11-03,Philadelphia 76ers,Memphis Grizzlies,1.91,1.93
2024-11-03,Toronto Raptors,Sacramento Kings,4.12,1.25
2024-11-02,Charlotte Hornets,Boston Celtics,5.01,1.19
2024-11-02,Portland Trail Blazers,Oklahoma City Thunder,5.47,1.17
2024-11-02,Minnesota Timberwolves,Denver Nuggets,1.6,2.43
2024-11-02,New Orleans Pelicans,Indiana Pacers,2.54,1.54
2024-11-02,Atlanta Hawks,Sacramento Kings,2.95,1.43
2024-11-02,Brooklyn Nets,Chicago Bulls,1.84,2.01
2024-11-02,Toronto Raptors,Los Angeles Lakers,4.16,1.25
2024-11-02,Charlotte Hornets,Boston Celtics,4.95,1.19
2024-11-02,Cleveland Cavaliers,Orlando Magic,1.34,3.4
2024-11-02,Detroit Pistons,New York Knicks,3.12,1.38
2024-11-01,LA Clippers,Phoenix Suns,2.53,1.55
2024-11-01,Utah Jazz,San Antonio Spurs,2.17,1.74
2024-11-01,Dallas Mavericks,Houston Rockets,1.38,3.14
2024-11-01,Memphis Grizzlies,Milwaukee Bucks,2.99,1.42
2024-10-31,LA Clippers,Portland Trail Blazers,1.3,3.69
2024-10-31,Golden State Warriors,New Orleans Pelicans,1.62,2.37
2024-10-31,Oklahoma City Thunder,San Antonio Spurs,1.13,6.46
2024-10-31,Chicago Bulls,Orlando Magic,2.87,1.44
2024-10-31,Memphis Grizzlies,Brooklyn Nets,1.15,5.87
2024-10-31,Miami Heat,New York Knicks,2.06,1.8
2024-10-31,Charlotte Hornets,Toronto Raptors,1.42,2.99
2024-10-31,Cleveland Cavaliers,Los Angeles Lakers,1.59,2.43
2024-10-31,Indiana Pacers,Boston Celtics,3.21,1.37
2024-10-31,Philadelphia 76ers,Detroit Pistons,1.57,2.48
2024-10-31,Washington Wizards,Atlanta Hawks,2.73,1.49
2024-10-30,Golden State Warriors,New Orleans Pelicans,2.09,1.78
2024-10-30,Utah Jazz,Sacramento Kings,3.07,1.39
2024-10-30,Brooklyn Nets,Denver Nuggets,2.79,1.47
2024-10-30,Minnesota Timberwolves,Dallas Mavericks,1.56,2.5
2024-10-29,Phoenix Suns,Los Angeles Lakers,1.54,2.55
2024-10-29,Sacramento Kings,Portland Trail Blazers,1.12,6.6
2024-10-29,Dallas Mavericks,Utah Jazz,1.14,6.09
2024-10-29,Memphis Grizzlies,Chicago Bulls,1.48,2.74
2024-10-29,San Antonio Spurs,Houston Rockets,2.21,1.71
2024-10-29,Atlanta Hawks,Washington Wizards,1.33,3.43
2024-10-29,Boston Celtics,Milwaukee Bucks,1.25,4.1
2024-10-29,Miami Heat,Detroit Pistons,1.28,3.86
2024-10-29,New York Knicks,Cleveland Cavaliers,1.69,2.23
2024-10-29,Toronto Raptors,Denver Nuggets,3.91,1.27
2024-10-29,Orlando Magic,Indiana Pacers,1.48,2.76
2024-10-28,Golden State Warriors,LA Clippers,1.25,4.12
2024-10-28,Oklahoma City Thunder,Atlanta Hawks,1.19,4.97
2024-10-27,Brooklyn Nets,Milwaukee Bucks,3.93,1.27
2024-10-27,Portland Trail Blazers,New Orleans Pelicans,3.04,1.4
2024-10-27,Indiana Pacers,Philadelphia 76ers,1.3,3.7
2024-10-27,Los Angeles Lakers,Sacramento Kings,1.89,1.95
2024-10-27,Phoenix Suns,Dallas Mavericks,2.41,1.6
2024-10-27,San Antonio Spurs,Houston Rockets,2.03,1.81
2024-10-27,Chicago Bulls,Oklahoma City Thunder,,
2024-10-27,Memphis Grizzlies,Orlando Magic,,
2024-10-27,Minnesota Timberwolves,Toronto Raptors,,
2024-10-27,Charlotte Hornets,Miami Heat,2.95,1.41
2024-10-27,Detroit Pistons,Boston Celtics,6.82,1.11
2024-10-27,Washington Wizards,Cleveland Cavaliers,4.46,1.22
2024-10-26,Denver Nuggets,LA Clippers,1.31,3.61
2024-10-26,Los Angeles Lakers,Phoenix Suns,1.82,2.03
2024-10-26,Portland Trail Blazers,New Orleans Pelicans,3.08,1.39
2024-10-26,Utah Jazz,Golden State Warriors,3.09,1.39
2024-10-26,Houston Rockets,Memphis Grizzlies,1.59,2.44
2024-10-26,Milwaukee Bucks,Chicago Bulls,1.24,4.29
2024-10-26,Atlanta Hawks,Charlotte Hornets,1.44,2.85
2024-10-26,Cleveland Cavaliers,Detroit Pistons,1.18,5.04
2024-10-26,New York Knicks,Indiana Pacers,1.52,2.61
2024-10-26,Orlando Magic,Brooklyn Nets,1.16,5.51
2024-10-26,Toronto Raptors,Philadelphia 76ers,2.77,1.46
2024-10-25,Denver Nuggets,Oklahoma City Thunder,1.75,2.14
2024-10-25,Sacramento Kings,Minnesota Timberwolves,1.94,1.9
2024-10-25,Dallas Mavericks,San Antonio Spurs,1.27,3.96
2024-10-25,Washington Wizards,Boston Celtics,7.92,1.09
2024-10-24,LA Clippers,Phoenix Suns,2.67,1.5
2024-10-24,Portland Trail Blazers,Golden State Warriors,3.32,1.35
2024-10-24,Utah Jazz,Memphis Grizzlies,2.15,1.74
2024-10-24,Houston Rockets,Charlotte Hornets,1.3,3.65
2024-10-24,New Orleans Pelicans,Chicago Bulls,1.5,2.68
2024-10-24,Atlanta Hawks,Brooklyn Nets,1.35,3.33
2024-10-24,Miami Heat,Orlando Magic,1.78,2.09
2024-10-24,Philadelphia 76ers,Milwaukee Bucks,2.49,1.56
2024-10-24,Toronto Raptors,Cleveland Cavaliers,3.06,1.4
2024-10-24,Detroit Pistons,Indiana Pacers,2.86,1.44
2024-10-23,Los Angeles Lakers,Minnesota Timberwolves,1.95,1.88
2024-10-23,Boston Celtics,New York Knicks,1.42,2.98
2024-10-19,Golden State Warriors,Los Angeles Lakers,1.23,4.13
2024-10-19,Portland Trail Blazers,Utah Jazz,1.82,2.0
2024-10-19,Chicago Bulls,Cleveland Cavaliers,2.65,1.48
2024-10-19,Memphis Grizzlies,Miami Heat,1.25,3.89
2024-10-19,Brooklyn Nets,Toronto Raptors,1.77,2.06
2024-10-19,Orlando Magic,Philadelphia 76ers,1.33,3.35
2024-10-19,Washington Wizards,New York Knicks,4.78,1.19
2024-10-18,LA Clippers,Sacramento Kings,1.85,1.97
2024-10-18,Phoenix Suns,Los Angeles Lakers,1.37,3.09
2024-10-18,Houston Rockets,San Antonio Spurs,1.29,3.66
2024-10-18,Minnesota Timberwolves,Denver Nuggets,3.28,1.34
2024-10-18,Oklahoma City Thunder,Atlanta Hawks,1.31,3.56
2024-10-18,Dallas Mavericks,Milwaukee Bucks,1.46,2.8
2024-10-18,Indiana Pacers,Charlotte Hornets,1.48,2.72
2024-10-17,Chicago Bulls,Minnesota Timberwolves,2.61,1.5
2024-10-17,Miami Heat,Atlanta Hawks,2.53,1.53
2024-10-17,Detroit Pistons,Cleveland Cavaliers,2.6,1.5
2024-10-17,Philadelphia 76ers,Brooklyn Nets,2.0,1.82
2024-10-16,Los Angeles Lakers,Golden State Warriors,2.16,1.72
2024-10-16,Denver Nuggets,Oklahoma City Thunder,2.83,1.43
2024-10-16,Utah Jazz,Sacramento Kings,2.23,1.68
2024-10-16,Houston Rockets,New Orleans Pelicans,1.62,2.33
2024-10-16,Miami Heat,San Antonio Spurs,1.54,2.55
2024-10-16,New York Knicks,Charlotte Hornets,2.22,1.67
2024-10-16,Toronto Raptors,Boston Celtics,4.08,1.24
2024-10-15,LA Clippers,Dallas Mavericks,1.51,2.59
2024-10-15,Milwaukee Bucks,Chicago Bulls,1.43,2.86
2024-10-15,Atlanta Hawks,Philadelphia 76ers,1.8,2.02
2024-10-15,Brooklyn Nets,Washington Wizards,1.65,2.26
2024-10-15,Indiana Pacers,Memphis Grizzlies,1.5,2.62
2024-10-14,Denver Nuggets,Phoenix Suns,1.46,2.82
2024-10-14,Golden State Warriors,Detroit Pistons,1.82,2.0
2024-10-14,Boston Celtics,Toronto Raptors,1.98,1.84
2024-10-14,New York Knicks,Minnesota Timberwolves,1.66,2.26
2024-10-14,Sacramento Kings,Portland Trail Blazers,1.45,2.81
2024-10-13,Miami Heat,New Orleans Pelicans,1.74,2.13
2024-10-13,Boston Celtics,Philadelphia 76ers,1.3,3.57
2024-10-13,Chicago Bulls,Memphis Grizzlies,1.74,2.13
2024-10-13,San Antonio Spurs,Utah Jazz,1.74,2.13
2024-10-12,LA Clippers,Portland Trail Blazers,1.56,2.48
2024-10-12,Golden State Warriors,Sacramento Kings,2.04,1.8
2024-10-12,Phoenix Suns,Detroit Pistons,1.57,2.44
2024-10-12,Minnesota Timberwolves,Philadelphia 76ers,1.64,2.31
2024-10-12,Washington Wizards,Toronto Raptors,1.86,1.96
2024-10-11,Dallas Mavericks,Utah Jazz,1.49,2.63
2024-10-11,Memphis Grizzlies,Charlotte Hornets,1.54,2.5
2024-10-11,Milwaukee Bucks,Los Angeles Lakers,1.53,2.54
2024-10-11,Cleveland Cavaliers,Indiana Pacers,2.69,1.48
2024-10-10,Sacramento Kings,Golden State Warriors,1.58,2.38
2024-10-10,Oklahoma City Thunder,Houston Rockets,1.38,2.99
2024-10-10,San Antonio Spurs,Orlando Magic,1.91,1.87
2024-10-10,New York Knicks,Washington Wizards,1.26,3.77
2024-10-09,LA Clippers,Brooklyn Nets,1.47,2.72
2024-10-09,Atlanta Hawks,Indiana Pacers,2.04,1.78
2024-10-09,Charlotte Hornets,Miami Heat,1.78,2.05
2024-10-09,Cleveland Cavaliers,Chicago Bulls,1.54,2.5
2024-10-09,Detroit Pistons,Phoenix Suns,1.6,2.36
2024-10-08,Utah Jazz,Houston Rockets,2.51,1.53
2024-10-08,Dallas Mavericks,Memphis Grizzlies,3.35,1.32
2024-10-08,San Antonio Spurs,Oklahoma City Thunder,2.43,1.56
2024-10-07,New Orleans Pelicans,Orlando Magic,1.92,1.89
2024-10-07,Los Angeles Lakers,Phoenix Suns,1.62,2.32
2024-10-07,Detroit Pistons,Milwaukee Bucks,1.61,2.33
2024-10-07,Toronto Raptors,Washington Wizards,2.25,1.65
2024-10-06,Charlotte Hornets,New York Knicks,2.33,1.62
2024-10-06,Boston Celtics,Denver Nuggets,1.7,2.17
2024-10-06,LA Clippers,Golden State Warriors,2.73,1.45
2024-10-05,Los Angeles Lakers,Minnesota Timberwolves,2.43,1.56
2024-10-04,Denver Nuggets,Boston Celtics,2.0,1.8
