date,home_team,away_team,home_odds,away_odds,Home_Abbr,Away_Abbr
2026-03-21,Washington,Oklahoma City,14.0,1.04,WAS,OKC
2026-03-22,Orlando,LA Lakers,2.32,1.67,ORL,LAL
2026-03-22,New Orleans,Cleveland,2.65,1.53,NOP,CLE
2026-03-22,Charlotte,Memphis,1.08,9.0,CHA,MEM
2026-03-22,Atlanta,Golden State,1.23,4.6,ATL,GSW
2026-03-22,Houston,Miami,1.79,2.12,HOU,MIA
2026-03-22,San Antonio,Indiana,1.05,12.0,SAS,IND
2026-03-22,Dallas,LA Clippers,3.25,1.38,DAL,LAC
2026-03-22,Utah,Philadelphia,2.95,1.44,UTA,PHI
2026-03-22,Phoenix,Milwaukee,1.19,5.0,PHX,MIL
