home_ORtg,away_ORtg,home_DRtg,away_DRtg,home_NET_rtg,away_NET_rtg,home_PACE,away_PACE,home_TS%,away_TS%,home_AST_ratio,away_AST_ratio,home_EFG%,away_EFG%,home_OREB%,away_OREB%,home_turnover_ratio,away_turnover_ratio,home_injury_count,away_injury_count,home_starter_avg_PER,away_starter_avg_PER,home_bench_avg_PER,away_bench_avg_PER,home_star_usage,away_star_usage,home_avg_TS,away_avg_TS,home_top3_points_avg,away_top3_points_avg,home_is_back_to_back,home_rest_days,home_recent_form10,home_recent_form5,home_recent_form3,away_is_back_to_back,away_rest_days,away_recent_form10,away_recent_form5,away_recent_form3,ORtg_diff,DRtg_diff,NET_rtg_diff,PACE_diff,TS_diff,EFG_diff,AST_ratio_diff,OREB_diff,turnover_diff,starter_PER_diff,bench_PER_diff,star_usage_diff,avg_TS_diff,top3_points_diff,rest_days_diff,recent_form10_diff,recent_form5_diff,recent_form3_diff,injury_count_diff,b2b_advantage,game_id,game_date,home_team,away_team,Home_Abbr,Away_Abbr,home_odds,away_odds,pred_home_margin,fair_prob_home,fair_prob_away,fair_odds_home,fair_odds_away
93.93726403493127,96.45808831360388,99.32242546738424,95.33581683613347,-5.385161432452942,1.1222714774704,117.52232876712328,118.00391891891891,0.5870278428493176,0.6030315526612714,0.6294433266264252,0.5874289535272484,0.56328,0.5590857513373318,0.2150790979468192,0.2345719973457199,12.670282417914173,12.207565254933126,5,5,-0.9487488340035414,-0.8646556039691743,-1.5415624632863625,-0.8423993158685449,0.5102812573859608,0.3869101195833869,0.5999593074108094,0.6184021537428809,19.427434424123515,20.080521214802435,False,1,0.2,0.2,0.0,False,2,0.6,0.8,1.0,-2.5208242786725776,3.986608631250761,-6.507432909923342,-0.4815901517956575,-0.0160037098119537,0.0041942486626681,0.0420143730991767,-0.0194928993989007,0.4627171629810469,-0.084093230034367,-0.6991631474178176,0.1233711378025738,-0.0184428463320714,-0.6530867906789197,-1,-0.3999999999999999,-0.6000000000000001,-1.0,0,0,22501082,2026-03-29,Milwaukee Bucks,LA Clippers,MIL,LAC,7.75,1.11,-6.4691954,0.31502576702756563,0.6849742329724344,3.1743435130260225,1.4599089306768758
90.83579682880944,92.46562535060274,97.93285763647032,90.48147363259744,-7.097060807660877,1.984151718005294,123.19527027027029,130.08486486486484,0.56503998471574,0.5755026353766338,0.6682227409136379,0.6606419445310066,0.5295502886660589,0.5365412445730825,0.2382495948136142,0.2564548883086742,11.737024828743644,10.616769925661837,5,5,-1.5558651236425385,-0.5609732589881196,-0.4484943944933373,-1.3358586439705131,0.3913311928871326,0.538928210313448,0.5502281145399417,0.5848502223170842,17.415067663935787,19.06183766482274,False,2,0.1,0.2,0.3333333333333333,False,2,0.4,0.2,0.3333333333333333,-1.6298285217932855,7.451384003872889,-9.08121252566617,-6.889594594594556,-0.0104626506608938,-0.0069909559070235,0.0075807963826313,-0.0182052934950599,1.1202549030818076,-0.9948918646544188,0.8873642494771761,-0.1475970174263153,-0.0346221077771424,-1.6467700008869528,0,-0.3,0.0,0.0,0,0,22501083,2026-03-29,Indiana Pacers,Miami Heat,IND,MIA,4.05,1.27,-8.555824,0.26205878377857494,0.7379412162214251,3.8159377280974645,1.3551214893788264
91.5499998936331,92.10033198571234,87.93352493559483,86.28533083045072,3.616474958038254,5.815001155261636,127.04621621621622,123.91191780821916,0.5894624091870391,0.5782172225584533,0.6458745874587458,0.5835786719005561,0.5524316109422492,0.5472512494320764,0.2761237594862814,0.2739846968805179,12.274741475223957,9.949621748546528,5,5,-0.8866915505116275,-0.7139235521487703,-0.1951309450536361,-0.2904276035055177,0.6522097819681791,0.6742323097463284,0.5946341133857928,0.5817829665113247,18.62552734762756,20.84712376825053,False,1,0.7,0.8,0.6666666666666666,False,2,0.7,0.8,0.6666666666666666,-0.5503320920792447,1.648194105144114,-2.1985261972233823,3.1342984079970506,0.0112451866285857,0.0051803615101728,0.0622959155581896,0.0021390626057634,2.3251197266774284,-0.1727679983628571,0.0952966584518816,-0.0220225277781492,0.012851146874468,-2.221596420622973,-1,0.0,0.0,0.0,0,0,22501085,2026-03-29,Charlotte Hornets,Boston Celtics,CHA,BOS,1.85,2.04,-9.358293,0.24297721055941884,0.7570227894405812,4.115612314824295,1.3209641954622955
87.60027427348189,89.09552240085377,95.42710290272768,97.39967512011556,-7.826828629245804,-8.304152719261777,121.20472972972972,124.43573333333332,0.5597333910853,0.5592276941122034,0.6721902017291066,0.61758100737889,0.5209829264400829,0.5233218717297055,0.2672795369424583,0.2679365079365079,13.145058338861542,11.39008302009712,5,5,-0.9306430566990432,-0.700372058073499,-1.011776827312904,-0.7286792433174091,0.4999340804218853,0.5004282393246055,0.5717684410901741,0.5600331936036037,16.126308876308876,15.214478704450718,False,2,0.0,0.0,0.0,False,1,0.4,0.2,0.0,-1.4952481273718805,-1.972572217387864,0.4773240900159736,-3.231003603603611,0.0005056969730965,-0.0023389452896225,0.0546091943502166,-0.0006569709940495,1.754975318764421,-0.2302709986255443,-0.2830975839954949,-0.0004941589027201,0.0117352474865704,0.911830171858158,1,-0.4,-0.2,0.0,0,0,22501084,2026-03-29,Brooklyn Nets,Sacramento Kings,BKN,SAC,1.81,2.09,-3.0253325,0.4108937105894671,0.5891062894105329,2.4337194126563837,1.6974865452558867
92.134415930252,92.90806192990983,90.77249631008362,92.17122005617594,1.3619196201683683,0.7368418737338966,123.71739726027398,124.55972602739728,0.5760263389618373,0.5767497747071192,0.6888745148771022,0.6424282855236825,0.541332510795805,0.5314387486448815,0.2626295336787564,0.2526915769474351,11.161097375038338,10.931654067037211,5,5,-0.8197091301332436,-1.3756068042780518,-0.9079216168915824,-0.3467082944360268,0.6348612786489747,0.6312292358803987,0.6011292421194445,0.580885801338923,18.943644954302933,19.502721606146263,False,2,0.5,0.4,0.6666666666666666,False,3,0.4,0.2,0.3333333333333333,-0.7736459996578446,-1.3987237460923154,0.6250777464344719,-0.8423287671232913,-0.0007234357452818,0.0098937621509235,0.0464462293534196,0.0099379567313213,0.2294433080011249,0.5558976741448082,-0.5612133224555557,0.0036320427685759,0.0202434407805215,-0.5590766518433306,-1,0.0999999999999999,0.2,0.3333333333333333,0,0,22501086,2026-03-29,Toronto Raptors,Orlando Magic,TOR,ORL,1.78,2.14,0.17787826,0.5052833019805719,0.4947166980194281,1.9790877633998083,2.021358898948523
86.75620332450012,89.46917343805939,87.7198265478198,98.21322021762478,-0.963623223319682,-8.744046779565402,132.832,126.26986301369864,0.5689388234426755,0.5675061932287366,0.616366612111293,0.6010498687664042,0.5318329878590465,0.5360722964763062,0.3068017366136035,0.2619663648124191,13.139404159640248,12.443451186304609,5,5,-0.9439942432772296,-1.0878770310402732,-0.96297042061173,-0.5589994534459211,0.5599332220367279,0.2698701298701298,0.5906328102709306,0.5454369519970635,21.27733794231341,13.788146879756468,False,2,0.6,0.6,0.6666666666666666,False,2,0.1,0.2,0.3333333333333333,-2.712970113559265,-10.493393669804972,7.78042355624572,6.562136986301354,0.0014326302139389,-0.0042393086172596,0.0153167433448887,0.0448353718011843,0.695952973335638,0.1438827877630435,-0.4039709671658089,0.290063092166598,0.045195858273867,7.489191062556944,0,0.5,0.3999999999999999,0.3333333333333333,0,0,22501087,2026-03-29,Portland Trail Blazers,Washington Wizards,POR,WAS,1.09,8.5,6.8647027,0.6953599182054285,0.30464008179457147,1.4381041728444468,3.282562143855817
90.16997102126568,87.23867399728398,93.34115001137036,84.24416358403109,-3.17117899010467,2.9945104132529066,127.81786666666667,130.83301369863017,0.5679458808811703,0.5717061710233073,0.6015847860538828,0.5875160875160875,0.5281263841724494,0.5381790359602142,0.2801580066848982,0.3140660592255125,11.119989485038086,12.061804182053669,5,5,-1.1943733513306758,-0.8109724792722195,-0.7583516982800286,-0.1102097684513862,0.6157451923076923,0.6953912626020163,0.575559060501245,0.5814916448681527,20.16358181203516,21.44096034540577,True,2,0.5,0.2,0.0,False,2,0.5,0.6,0.3333333333333333,2.931297023981685,9.09698642733926,-6.165689403357577,-3.015147031963494,-0.003760290142137,-0.0100526517877648,0.0140686985377952,-0.0339080525406143,-0.9418146970155804,-0.3834008720584563,-0.6481419298286423,-0.079646070294324,-0.0059325843669078,-1.2773785333706122,0,0.0,-0.3999999999999999,-0.3333333333333333,0,-1,22501088,2026-03-29,New Orleans Pelicans,Houston Rockets,NOP,HOU,2.95,1.44,-13.012715,0.16631193203346556,0.8336880679665344,6.012797685488846,1.1994893994814158
98.00237507178178,92.96289856192485,88.87005681216303,87.76788148491622,9.13231825961876,5.195017077008616,121.19121621621623,125.90027027027024,0.5971047654245837,0.5888600007614863,0.5941435768261965,0.6428796968740133,0.5581854043392505,0.5562067929065224,0.2156622820434383,0.2780717225161669,10.303128292903216,10.8837754464602,5,5,-0.1151734003950338,-0.7224800676375716,-1.843458859113277,0.1329785854640593,0.5129101364302627,0.6657394013575164,0.5972874721634591,0.6006926139402832,20.876083049707336,20.327995514696283,False,2,0.9,0.8,0.6666666666666666,False,3,0.7,0.8,0.6666666666666666,5.039476509856954,1.1021753272468118,3.937301182610145,-4.709054054054022,0.0082447646630974,0.001978611432728,-0.0487361200478168,-0.0624094404727286,-0.5806471535569813,0.6073066672425378,-1.9764374445773365,-0.1528292649272536,-0.003405141776824,0.548087535011053,-1,0.2,0.0,0.0,0,0,22501089,2026-03-29,Oklahoma City Thunder,New York Knicks,OKC,NYK,1.3,3.85,9.691638,0.7647225395118369,0.23527746048816311,1.3076638235854185,4.2503008912335245
100.38831524137323,91.5854030660266,96.72579648751214,91.35977032736086,3.6625187538610895,0.2256327386657154,120.864,125.77243243243242,0.6147618507169069,0.5844376672956251,0.6664603960396039,0.7053219448094612,0.5749158249158249,0.5504316219900045,0.2205206738131699,0.2687797147385103,10.722795869737888,12.570966868518433,5,5,-0.4820552248781541,-0.9765214205058624,-0.7325370459556344,-0.639557413157802,0.5344588097018912,0.4436733176353947,0.6275050328384599,0.5957327552536398,22.413707654385615,20.131439131439134,False,2,0.8,1.0,1.0,False,2,0.4,0.6,1.0,8.802912175346648,5.366026160151279,3.436886015195374,-4.908432432432434,0.0303241834212818,0.0244842029258204,-0.0388615487698572,-0.0482590409253403,-1.848170998780546,0.4944661956277083,-0.0929796327978323,0.0907854920664965,0.0317722775848201,2.2822685229464845,0,0.4,0.4,0.0,0,0,22501090,2026-03-29,Denver Nuggets,Golden State Warriors,DEN,GSW,1.16,5.75,8.802098,0.7438778516762925,0.2561221483237075,1.3443067268995155,3.9043870533840774
